A4S微孔板热封机,A4S Microplate Heat Sealer,a4_s_backend,a4_s_backend,13,24,auto-close|auto-get_remaining_time|auto-get_status|auto-get_temperature|auto-open|auto-seal|auto-send_command|auto-set_heater|auto-set_temperature|auto-set_time|auto-setup|auto-stop|auto-system_reset,A4S是一种用于实验室微孔板热封的自动封膜设备，可对PCR板、深孔板或储样板施加受控温度和时间，将封膜材料压合到板口以实现密封。它适用于样品储存、避免蒸发与污染，以及自动化样品处理流程中的板封口步骤。,"The A4S is an automated microplate heat sealer used in laboratories to apply sealing films to microplates under controlled temperature and time conditions. It is used with PCR plates, deep-well plates, or storage plates to create a secure seal for sample storage, evaporation and contamination control, and automated sample-processing workflows.",封膜仪,备料&前处理设备|生命体系|实验室自动化与仪器集成|移液站产品|封膜仪
AA Opto MDS 声光可调滤波器,AA Opto MDS Acousto-Optic Tunable Filter,aa_opto_mds,aa_opto_mds,10,17,auto-Close|auto-Disable|auto-Enable|auto-GetFreq|auto-GetPower|auto-GetStatus|auto-SetFreq|auto-SetPower|auto-SetPowerAndEnable|auto-query,这是一台 AA Opto 的 MDS 系列声光可调滤波器/控制单元，用于按通道控制激光光路的透过、射频驱动功率和工作频率，从而实现特定波长或光束的快速选通与强度调节。该设备常用于荧光显微、激光扫描和多激光实验中的快速波长选择与光强调制。,"This is an AA Opto MDS-series acousto-optic tunable filter and controller used to control laser transmission, RF drive power, and operating frequency on individual channels, enabling fast wavelength selection and intensity modulation. It is commonly used in fluorescence microscopy, laser scanning, and multi-laser laboratory setups for rapid optical switching and beam control.",声光可调滤波器,表征设备|生命体系|智慧表征与检测中心|显微成像与光学显微实验|声光可调滤波器
Agilent VSpin 微孔板离心机,Agilent VSpin Microplate Centrifuge,access2_backend,access2_backend,33,52,auto-bucket_1_remainder|auto-close|auto-close_door|auto-configure_and_initialize|auto-g_to_rpm|auto-get_bucket_1_position|auto-get_bucket_locked|auto-get_door_locked|auto-get_door_open|auto-get_home_position|auto-get_position|auto-get_status|auto-get_tachometer|auto-go_to_bucket1|auto-go_to_bucket2|auto-go_to_position|auto-initialize|auto-load|auto-lock_bucket|auto-lock_door|auto-open|auto-open_door|auto-park|auto-send_command|auto-serialize|auto-set_bucket_1_position_to_current|auto-set_configuration_data|auto-setup|auto-spin|auto-stop|auto-unload|auto-unlock_bucket|auto-unlock_door,一款用于实验室自动化系统的微孔板离心机，可对样品板进行装载、卸载、开关门、锁定转篮并执行离心运行。常用于微孔板样品的短时离心、收集液滴和自动化流程中的板级前处理。,"An automated microplate centrifuge for laboratory workflows. It can load and unload plates, open and close the door, lock the bucket, and perform spin operations. It is commonly used for short spins, collecting droplets, and plate-level sample preparation in automated lab systems.",离心机,备料&前处理设备|生命体系|实验室自动化与仪器集成|移液站产品|离心机
Opentrons ATC 自动热循环仪,Opentrons Automated Thermocycler,atc_backend,atc_backend,2,9,auto-close_lid|auto-open_lid,用于PCR等核酸扩增流程的自动热循环仪模块，提供程序化温度循环（变性、退火、延伸）并配备可开合加热上盖，支持在自动化实验流程中进行板式样本温控。,"An automated thermocycler module for PCR and related nucleic acid amplification workflows, providing programmed temperature cycling (denaturation, annealing, extension) with an opening heated lid for plate-based sample temperature control in automated lab protocols.",普通PCR仪,实验执行&合成设备|生命体系|基因编辑、分子生物学与育种|普通PCR仪
通用蓝牙流式采集设备,Generic BLE Streaming Acquisition Device,base_streamer,base_streamer,7,37,auto-address|auto-backend|auto-make_chunk|auto-send_command|auto-start|auto-stop|auto-subscriptions,一种通用的蓝牙传感器或采集设备，可连续向实验计算机发送测量数据，并作为 LSL 数据流用于同步记录、在线监测和联合实验。适用于生理信号、运动信号或其他实时传感数据的采集。,"A generic Bluetooth sensor or acquisition device that continuously sends measurement data to a lab computer and publishes it as an LSL stream for synchronized recording, online monitoring, and multimodal experiments. It is suitable for acquiring biosignals, motion signals, or other real-time sensor data.",蓝牙流式采集设备,表征设备|生命体系|实验室自动化与仪器集成|实验仪器数据采集与联机控制|蓝牙流式采集设备
BITalino 生理信号采集板,BITalino biosignal acquisition board,bi_talino,bi_talino,5,21,auto-connect|auto-disconnect|auto-set_callback|auto-start|auto-stop,BITalino 是一款便携式蓝牙生理信号采集设备，提供多路模拟输入通道，可用于采集和传输实验中的生理或其他低频模拟传感器信号。它常用于教学、原型开发和可穿戴生理测量实验。,"BITalino is a portable Bluetooth biosignal acquisition device with multiple analog input channels for collecting and streaming physiological or other low-frequency analog sensor signals in laboratory experiments. It is commonly used for teaching, prototyping, and wearable physiology measurements.",模拟输入数据采集模块,表征设备|生命体系|实验仪器数据采集与联机控制|模拟输入数据采集模块
BioShake微孔板加热振荡器,BioShake microplate heater shaker,bio_shake,bio_shake,13,21,auto-deactivate|auto-get_current_temperature|auto-home|auto-lock_plate|auto-reset|auto-set_temperature|auto-setup|auto-shake|auto-stop|auto-stop_shaking|auto-supports_active_cooling|auto-supports_locking|auto-unlock_plate,这是一种实验室微孔板加热振荡器，可对板式样品进行控温并同时振荡混匀。它常用于样品孵育、反应混合、酶反应、核酸与蛋白相关实验等需要稳定温度和持续摇匀的流程，部分机型还支持锁板与主动冷却功能。,"This is a laboratory microplate heater shaker that provides temperature control and shaking for plate-based samples. It is commonly used for sample incubation, reaction mixing, enzymatic workflows, and nucleic acid or protein-related assays that require stable heating and continuous agitation. Some models also support plate locking and active cooling.",热混匀仪|微孔板恒温振荡器,备料&前处理设备|实验执行&合成设备|生命体系|溶液配制与反应|热混匀仪|微孔板样品孵育与混匀|微孔板恒温振荡器
Agilent BioTek 多功能微孔板读板仪,Agilent BioTek multimode microplate reader,bio_tek_plate_reader_backend,bio_tek_plate_reader_backend,25,41,auto-abs_wavelength_range|auto-close|auto-emission_range|auto-excitation_range|auto-focal_height_range|auto-get_current_temperature|auto-get_firmware_version|auto-get_serial_number|auto-home|auto-open|auto-read_absorbance|auto-read_fluorescence|auto-read_luminescence|auto-send_command|auto-set_plate|auto-set_temperature|auto-setup|auto-shake|auto-stop|auto-stop_heating_or_cooling|auto-stop_shaking|auto-supports_cooling|auto-supports_heating|auto-temperature_range|auto-version,这是一种台式微孔板读板仪，用于对微孔板中的样品进行吸光度、荧光和发光检测。设备通常带有载板抽屉、温度控制和振荡功能，适用于生化分析、细胞实验和高通量筛选等实验室检测工作。,"A benchtop multimode microplate reader used to measure absorbance, fluorescence, and luminescence from samples in microplates. It typically includes a plate tray, temperature control, and shaking, and is used for biochemical assays, cell-based experiments, and high-throughput screening.",酶标仪,表征设备|生命体系|智慧表征与检测中心|细胞生物学研究|酶标仪|微孔板检测与高通量筛选
BioShake微孔板恒温振荡器,BioShake microplate thermoshaker,bioshake_driver,bioshake_driver,7,17,auto-get_info|auto-home_shaker|auto-lock|auto-set_shake|auto-temp_off|auto-temp_on|auto-unlock,这是一种用于微孔板样品处理的实验室恒温振荡设备，可对板内液体进行振荡混匀并提供温度控制，常用于孵育、酶反应和样品制备等流程。,"This is a laboratory thermoshaker for processing microplate samples. It provides shaking for liquid mixing and temperature control, and is commonly used for incubation, enzymatic reactions, and sample preparation workflows.",热混匀仪|微孔板恒温振荡器,备料&前处理设备|实验执行&合成设备|生命体系|溶液配制与反应|热混匀仪|微孔板样品孵育与混匀|微孔板恒温振荡器
Byonoy Absorbance 96 酶标仪,Byonoy Absorbance 96 Plate Reader,byonoy_absorbance96_automate_backend,byonoy_absorbance96_automate_backend,7,29,auto-get_available_absorbance_wavelengths|auto-initialize_measurements|auto-read_absorbance|auto-read_fluorescence|auto-read_luminescence|auto-send_command|auto-setup,这是一款面向96孔微孔板的吸光度酶标仪，用于在选定波长下测量各孔样品的吸光度信号。它适用于ELISA、比色分析以及其他基于微孔板的常规实验检测。,"This is a 96-well microplate absorbance reader used to measure sample absorbance in plate wells at selected wavelengths. It is suitable for ELISA, colorimetric assays, and other routine microplate-based laboratory measurements.",酶标仪,表征设备|生命体系|智慧表征与检测中心|微孔板检测与高通量筛选|酶标仪
CLARIOstar多功能酶标仪,CLARIOstar multimode microplate reader,clari_ostar_backend,clari_ostar_backend,13,29,auto-close|auto-get_stat|auto-initialize|auto-open|auto-read_absorbance|auto-read_command_status|auto-read_fluorescence|auto-read_luminescence|auto-read_resp|auto-request_eeprom_data|auto-send|auto-setup|auto-stop,CLARIOstar 是一款多功能微孔板读板仪，可对微孔板样品进行吸光度、荧光和发光检测，常用于生化分析、细胞实验、药物筛选和其他高通量实验。,"The CLARIOstar is a multimode microplate reader used to measure absorbance, fluorescence, and luminescence in microplate samples. It is commonly used for biochemical assays, cell-based experiments, drug screening, and other high-throughput laboratory workflows.",酶标仪,表征设备|生命体系|微孔板检测与高通量筛选|细胞生物学研究|酶标仪
BioTek Cytation微孔板成像读板仪,BioTek Cytation Plate Reader Imager,cytation_backend,cytation_backend,17,39,auto-capture|auto-filters|auto-led_off|auto-led_on|auto-objectives|auto-select|auto-set_auto_exposure|auto-set_exposure|auto-set_focus|auto-set_gain|auto-set_imaging_mode|auto-set_objective|auto-set_position|auto-start_acquisition|auto-stop_acquisition|auto-supports_cooling|auto-supports_heating,Cytation是一类带显微成像功能的微孔板读板仪，可对多孔板样品进行自动对焦、位移扫描、明场或滤光片成像，并支持相机曝光、增益、物镜和照明设置。它常用于细胞培养板成像、荧光/明场观察以及自动化板式实验的数据采集。,"The Cytation is a microplate reader with integrated microscopy-style imaging. It can autofocus, move across wells, perform brightfield or filtered imaging, and control camera exposure, gain, objectives, and illumination. It is commonly used for imaging cell culture plates, fluorescence or brightfield observation, and automated data collection in plate-based assays.",酶标仪|荧光显微镜|微孔板成像读板仪,表征设备|生命体系|细胞生物学研究|微孔板检测与高通量筛选|显微成像与光学显微实验|酶标仪|荧光显微镜|微孔板成像读板仪
Cytomat微孔板自动培养存储系统,Cytomat Automated Microplate Incubator Storage System,cytomat_backend,cytomat_backend,43,59,auto-action_exposed_to_storage|auto-action_exposed_to_wait|auto-action_read_barcode|auto-action_storage_to_exposed|auto-action_storage_to_transfer|auto-action_storage_to_wait|auto-action_transfer_to_storage|auto-action_transfer_to_wait|auto-action_wait_to_exposed|auto-action_wait_to_storage|auto-action_wait_to_transfer|auto-close_door|auto-fetch_plate_to_loading_tray|auto-get_action_register|auto-get_co2|auto-get_error_register|auto-get_humidity|auto-get_incubation_query|auto-get_o2|auto-get_overview_register|auto-get_sensor_register|auto-get_swap_register|auto-get_temperature|auto-get_warning_register|auto-init_shakers|auto-initialize|auto-open_door|auto-reset_error_register|auto-send_action|auto-send_command|auto-serialize|auto-set_racks|auto-set_shaking_frequency|auto-set_temperature|auto-setup|auto-shovel_in|auto-shovel_out|auto-start_shaking|auto-stop|auto-stop_shaking|auto-take_in_plate|auto-wait_for_task_completion|auto-wait_for_transfer_station,这是一种用于微孔板自动存取、培养和转运的实验室培养存储设备，带有内部存储位、传送位和外部暴露位，可控制温度、CO2、湿度和O2，并支持振荡和条码读取。常用于细胞培养、高通量筛选和自动化工作站中的板管理。,"This is an automated laboratory incubator and storage system for microplates, with internal storage positions, a transfer station, and an external exposed position. It can control temperature, CO2, humidity, and O2, and supports shaking and barcode reading. It is commonly used for cell culture, high-throughput screening, and automated plate management workflows.",组织培养试验箱|微孔板自动培养存储系统,器件/细胞设备|物流/机械|生命体系|细胞生物学研究|微孔板样品孵育与混匀|微孔板检测与高通量筛选|组织培养试验箱|微孔板自动培养存储系统
Heraeus Cytomat自动微孔板培养存储系统,Heraeus Cytomat automated microplate incubator,heraeus_cytomat_backend,heraeus_cytomat_backend,16,27,auto-close_door|auto-deserialize|auto-fetch_plate_to_loading_tray|auto-get_temperature|auto-initialize|auto-open_door|auto-read_plate_detection_xfer|auto-serialize|auto-set_racks|auto-set_temperature|auto-setup|auto-start_shaking|auto-stop|auto-stop_shaking|auto-take_in_plate|auto-wait_for_transfer_station,这是一种用于自动化实验流程的微孔板培养与存储设备，带有温度控制、振荡和传送工位，可在内部板架中存放微孔板，并通过舱门与装载托盘完成进出板。常用于细胞培养、样品孵育以及与机器人联用的高通量实验流程。,"An automated microplate incubator and storage unit for laboratory automation workflows. It provides temperature control, shaking, and a transfer/loading station to move plates between internal racks and external handlers. It is used for microplate incubation, storage, and robotic high-throughput laboratory workflows.",微孔板自动培养存储系统,器件/细胞设备|生命体系|实验室自动化与仪器集成|细胞生物学研究|微孔板样品孵育与混匀|微孔板自动培养存储系统
自动微孔板培养箱,Automated microplate incubator,incubator,incubator,16,29,auto-close_door|auto-deserialize|auto-fetch_plate_to_loading_tray|auto-find_random_site|auto-find_smallest_site_for_plate|auto-get_num_free_sites|auto-get_site_by_plate_name|auto-get_temperature|auto-open_door|auto-racks|auto-serialize|auto-set_temperature|auto-start_shaking|auto-stop_shaking|auto-summary|auto-take_in_plate,一种用于存放并温控培养微孔板或培养板的自动化实验室培养箱，通常具有多个板位、装载托盘和可开闭门机构，可在设定温度下进行样品孵育，并支持板件取放与振荡混匀。常用于细胞培养、酶反应、样品保温和自动化流程中的板式孵育步骤。,"An automated laboratory incubator for storing and temperature-controlling microplates or assay plates. It typically provides multiple plate sites, a loading tray, and a door mechanism, allowing incubation at a set temperature as well as automated plate transfer and shaking. It is commonly used for cell culture, enzyme reactions, sample holding, and plate incubation steps in lab automation workflows.",微孔板自动培养存储系统,实验执行&合成设备|器件/细胞设备|生命体系|实验室自动化与仪器集成|细胞生物学研究|微孔板样品孵育与混匀|微孔板自动培养存储系统
INHECO孵育振荡器堆叠系统,INHECO Incubator/Shaker Stack,incubator_shaker_stack,incubator_shaker_stack,11,22,auto-close_all|auto-get_all_temperatures|auto-num_units|auto-open_all|auto-request_loading_tray_states|auto-request_shaking_states|auto-request_temperature_control_states|auto-shake|auto-start_all_temperature_control|auto-stop_all_shaking|auto-stop_all_temperature_control,由多个可堆叠孵育振荡单元组成的实验室自动化设备，带有装载托盘，可对样品或微孔板进行温度控制孵育与振荡混匀，常用于自动化培养、反应孵育和样品处理流程。,"A laboratory automation device composed of multiple stackable incubator/shaker units with loading trays, used to provide temperature-controlled incubation and shaking for samples or microplates in automated culture, reaction incubation, and sample-processing workflows.",微孔板恒温振荡器,实验执行&合成设备|器件/细胞设备|生命体系|实验室自动化与仪器集成|细胞生物学研究|微孔板样品孵育与混匀|微孔板恒温振荡器
STX自动微孔板培养箱,STX Automated Microplate Incubator,incubator_stx,incubator_stx,7,38,auto-getClimate|auto-getPresetClimate|auto-inputPlate|auto-is_ready|auto-outputPlate|auto-resetAndActivate|auto-setPresetClimate,一种用于微孔板样品培养与暂存的自动化培养箱，支持温度、湿度、二氧化碳和氮气环境控制，并可通过左右料盒/仓位进行微孔板进出库操作，常用于细胞培养、活细胞实验和自动化生物实验流程。,"An automated incubator for culturing and storing microplates, with control of temperature, humidity, carbon dioxide, and nitrogen atmosphere. It supports plate loading and unloading through left/right cassettes or storage levels, and is commonly used in cell culture, live-cell assays, and automated biological workflows.",微孔板自动培养存储系统,实验执行&合成设备|器件/细胞设备|生命体系|实验室自动化与仪器集成|细胞生物学研究|微孔板样品孵育与混匀|微孔板自动培养存储系统
INHECO堆叠式孵育振荡器,INHECO Incubator Shaker Stack,inheco_incubator_shaker_stack_backend,inheco_incubator_shaker_stack_backend,70,137,auto-close|auto-delete_counter|auto-get_temperature|auto-initialize|auto-is_shaking_enabled|auto-is_temperature_control_enabled|auto-number_of_connected_units|auto-open|auto-perform_self_test|auto-read_whole_shaker_calibration_data|auto-request_calibration_high|auto-request_calibration_low|auto-request_delta_temperature|auto-request_drawer_cycles_performed|auto-request_drawer_status|auto-request_firmware_version|auto-request_incubator_type|auto-request_is_initialized|auto-request_labware_detection_threshold|auto-request_last_calibration_date|auto-request_machine_allocation|auto-request_maximum_allowed_temperature|auto-request_motor_current_limit_anticlockwise|auto-request_motor_current_limit_clockwise|auto-request_motor_power_anticlockwise|auto-request_motor_power_clockwise|auto-request_number_of_connected_machines|auto-request_operation_time_in_hours|auto-request_pid_controller_coefficients|auto-request_plate_in_incubator|auto-request_plate_status_known|auto-request_proportionality_factor|auto-request_serial_number|auto-request_shaker_amplitude_x|auto-request_shaker_amplitude_y|auto-request_shaker_calibration_value|auto-request_shaker_frequency_x|auto-request_shaker_frequency_y|auto-request_shaker_phase_shift|auto-request_target_temperature|auto-request_thermal_calibration_date|auto-request_whole_calibration_data|auto-reset_calibration_data|auto-send_command|auto-set_boost_offset|auto-set_boost_time|auto-set_calibration_high|auto-set_calibration_low|auto-set_cooldown_time_factor|auto-set_heatup_offset|auto-set_heatup_time_factor|auto-set_max_allowed_device_temperature|auto-set_motor_current_limit_anticlockwise|auto-set_motor_current_limit_clockwise|auto-set_motor_power_anticlockwise|auto-set_motor_power_clockwise|auto-set_pid_integration_value|auto-set_pid_proportional_gain|auto-set_proportionality_factor|auto-set_shaker_calibration_value|auto-set_shaker_parameters|auto-set_shaker_pattern|auto-set_shaker_status|auto-setup|auto-shake|auto-start_temperature_control|auto-stop|auto-stop_shaking|auto-stop_temperature_control|auto-wait_for_temperature,这是一种可堆叠的实验室孵育振荡设备，用于微孔板等样品载具的控温孵育与振荡混匀。设备具有装载抽屉或托盘、温度控制和二维振荡功能，适用于细胞培养、样品孵育、反应混匀及自动化工作站中的板式处理流程。,"A stackable laboratory incubator shaker for temperature-controlled incubation and shaking of microplates and similar sample carriers. It includes a loading drawer or tray, temperature regulation, and two-axis shaking, and is used for cell culture, sample incubation, reaction mixing, and plate-based workflows in automated lab systems.",微孔板恒温振荡器,实验执行&合成设备|器件/细胞设备|生命体系|实验室自动化与仪器集成|细胞生物学研究|微孔板样品孵育与混匀|微孔板恒温振荡器
INHECO培养振荡单元,INHECO incubator shaker unit,inheco_incubator_shaker_unit,inheco_incubator_shaker_unit,68,137,auto-close|auto-delete_counter|auto-get_temperature|auto-initialize|auto-is_shaking_enabled|auto-is_temperature_control_enabled|auto-number_of_connected_units|auto-open|auto-perform_self_test|auto-read_whole_shaker_calibration_data|auto-request_calibration_high|auto-request_calibration_low|auto-request_delta_temperature|auto-request_drawer_cycles_performed|auto-request_drawer_status|auto-request_firmware_version|auto-request_incubator_type|auto-request_is_initialized|auto-request_labware_detection_threshold|auto-request_last_calibration_date|auto-request_machine_allocation|auto-request_maximum_allowed_temperature|auto-request_motor_current_limit_anticlockwise|auto-request_motor_current_limit_clockwise|auto-request_motor_power_anticlockwise|auto-request_motor_power_clockwise|auto-request_number_of_connected_machines|auto-request_operation_time_in_hours|auto-request_pid_controller_coefficients|auto-request_plate_in_incubator|auto-request_plate_status_known|auto-request_proportionality_factor|auto-request_serial_number|auto-request_shaker_amplitude_x|auto-request_shaker_amplitude_y|auto-request_shaker_calibration_value|auto-request_shaker_frequency_x|auto-request_shaker_frequency_y|auto-request_shaker_phase_shift|auto-request_target_temperature|auto-request_thermal_calibration_date|auto-request_whole_calibration_data|auto-reset_calibration_data|auto-send_command|auto-set_boost_offset|auto-set_boost_time|auto-set_calibration_high|auto-set_calibration_low|auto-set_cooldown_time_factor|auto-set_heatup_offset|auto-set_heatup_time_factor|auto-set_max_allowed_device_temperature|auto-set_motor_current_limit_anticlockwise|auto-set_motor_current_limit_clockwise|auto-set_motor_power_anticlockwise|auto-set_motor_power_clockwise|auto-set_pid_integration_value|auto-set_pid_proportional_gain|auto-set_proportionality_factor|auto-set_shaker_calibration_value|auto-set_shaker_parameters|auto-set_shaker_pattern|auto-set_shaker_status|auto-shake|auto-start_temperature_control|auto-stop_shaking|auto-stop_temperature_control|auto-wait_for_temperature,一种用于微孔板等实验耗材的培养振荡模块，集成加热控温、平面振荡以及抽屉式装载机构，可作为堆叠系统中的单个单元使用，常用于样品孵育、混匀和温控处理。,"A microplate incubator-shaker module with heating, temperature control, planar shaking, and a drawer-based loading mechanism. It is used as an individual unit in a stacked system for sample incubation, mixing, and temperature-controlled processing.",热混匀仪,实验执行&合成设备|生命体系|实验室自动化与仪器集成|微孔板样品孵育与混匀|热混匀仪
INHECO Thermoshake AC恒温振荡器,INHECO Thermoshake AC heater-shaker,inheco_thermoshake_backend,inheco_thermoshake_backend,8,16,auto-lock_plate|auto-set_shaker_shape|auto-set_shaker_speed|auto-shake|auto-start_shaking|auto-stop_shaking|auto-supports_locking|auto-unlock_plate,这是一种实验室恒温振荡器，用于对样品板等容器进行加热与振荡混匀。设备可设置振荡转速和振荡轨迹，部分操作还包括样品板锁定/解锁，常用于样品孵育、混匀及温控处理。,"This is a laboratory heater-shaker used to heat and shake sample plates and similar labware for mixing. It supports setting shaking speed and motion pattern, and some operations include plate locking/unlocking, making it suitable for incubation, mixing, and temperature-controlled sample handling.",热混匀仪,实验执行&合成设备|生命体系|实验室自动化与仪器集成|微孔板样品孵育与混匀|热混匀仪
奥林巴斯 IX2 倒置显微镜机身,Olympus IX2 inverted microscope body,ix2,ix2,8,22,auto-idn|auto-init_origin|auto-lamp_status|auto-move_relative|auto-movement_status|auto-query|auto-soft_limits|auto-z,奥林巴斯 IX2 是实验室用倒置显微镜机身，用于承载物镜、照明与调焦机构，并对样品进行显微观察。该类设备常用于细胞培养、活体样品观察、荧光成像及常规生物显微实验中的 Z 轴调焦和机身状态控制。,"The Olympus IX2 is an inverted microscope body used in laboratories to support the objective turret, illumination, and focusing mechanisms for microscopic sample observation. It is commonly used for cell culture work, live-sample observation, fluorescence imaging, and general biological microscopy involving Z-axis focusing and microscope body status control.",普通光学显微镜,表征设备|生命体系|显微成像与光学显微实验|细胞生物学研究|普通光学显微镜
Tecan Freedom EVO 自动化液体处理工作站,Tecan Freedom EVO automated liquid handling workstation,li_ha,li_ha,59,88,auto-action_move_vector_coordinate_position|auto-aspirate|auto-aspirate96|auto-can_pick_up_tip|auto-discard_disposable_tip_high|auto-dispense|auto-dispense96|auto-drop_resource|auto-drop_tips|auto-drop_tips96|auto-get_disposable_tip|auto-grip_plate|auto-initialize_plunger|auto-liha_connected|auto-mca_connected|auto-move_absolute_z|auto-move_detect_liquid|auto-move_picked_up_resource|auto-move_plunger_relative|auto-move_tracking_relative|auto-num_channels|auto-parse_response|auto-pick_up_resource|auto-pick_up_tips|auto-pick_up_tips96|auto-pnp_connected|auto-position_absolute_all_axis|auto-position_absolute_g|auto-position_initialization_x|auto-position_valve_logical|auto-report_g_param|auto-report_number_tips|auto-report_r_param|auto-report_x_param|auto-report_y_param|auto-report_z_param|auto-roma_connected|auto-send_command|auto-serialize|auto-set_detection_mode|auto-set_end_speed_plunger|auto-set_fast_speed_r|auto-set_fast_speed_x|auto-set_fast_speed_y|auto-set_fast_speed_z|auto-set_gripper_params|auto-set_search_retract_distance|auto-set_search_speed|auto-set_search_submerge|auto-set_search_z_max|auto-set_search_z_start|auto-set_slow_speed_z|auto-set_smooth_move_x|auto-set_stop_speed_plunger|auto-set_target_window_class|auto-set_tracking_distance_z|auto-set_vector_coordinate_position|auto-set_z_travel_height|auto-setup_arm,一款用于实验室自动移液与板件搬运的台式自动化工作站，通常配备多通道 LiHa 液体处理臂，可完成吸液、分液、液面探测、一次性吸头装卸及多轴定位，并可结合 96 通道或板搬运模块执行样品制备、微孔板加样和高通量实验流程。,"A benchtop automated liquid handling workstation for laboratory pipetting and plate movement. It typically includes a multichannel LiHa liquid handling arm for aspirating, dispensing, liquid level detection, disposable tip handling, and multi-axis positioning, and may work with 96-channel or plate-handling modules for sample preparation, microplate filling, and high-throughput workflows.",移液工作站,备料&前处理设备|实验执行&合成设备|生命体系|实验室自动化与仪器集成|移液站产品|移液工作站
Tecan自动液体处理工作站,Tecan automated liquid handling workstation,liquid_classes,liquid_classes,58,139,auto-actions|auto-add|auto-add_labware|auto-add_new_labware|auto-add_type|auto-autoselect|auto-clearSelection|auto-create|auto-create_labware|auto-create_series|auto-fill|auto-find_free_wells|auto-find_new_tips|auto-get_DITI_series|auto-get_current_labware|auto-get_labware|auto-grid_carrier_line|auto-init_wells|auto-log|auto-moveParallel|auto-newOffset|auto-newPosition|auto-offset|auto-offsetAtParallelMove|auto-offsetFromName|auto-parallelOrder|auto-parse_file|auto-parse_worktable_file|auto-pick_up|auto-posAtParallelMove|auto-position|auto-put|auto-reagent|auto-refill_next_rack|auto-remove|auto-replace_with_new|auto-retire_labware|auto-retire_new_tips|auto-select|auto-selectAll|auto-selectOnly|auto-selected|auto-selected_wells|auto-set_DITI_counter|auto-set_back|auto-set_current|auto-set_current_next_to|auto-set_def_DiTi|auto-set_first_pos|auto-set_next|auto-show_next|auto-show_next_to|auto-size|auto-to_name|auto-vol|auto-waste|auto-wellSelectionStr|auto-write,这是一类用于实验室自动移液和样品处理的液体处理工作站。设备在工作台甲板上放置载架、孔板、试剂槽、比色皿、磁力模块和一次性吸头架，并通过自动吸液、分液、换头和废弃处理完成样品制备、试剂分装、PCR体系构建等流程。,"This is an automated liquid handling workstation used for laboratory pipetting and sample processing. The instrument arranges carriers, microplates, reagent troughs, cuvettes, magnetic modules, and disposable tip racks on a deck, and performs aspiration, dispensing, tip changes, and waste handling for tasks such as sample preparation, reagent distribution, and PCR setup.",移液工作站,备料&前处理设备|实验执行&合成设备|生命体系|溶液配制与反应|移液站产品|移液工作站
Molecular Devices 多功能酶标仪,Molecular Devices Multimode Microplate Reader,molecular_devices_backend,molecular_devices_backend,19,50,auto-clear_error_log|auto-close|auto-get_firmware_version|auto-get_status|auto-get_temperature|auto-open|auto-read_absorbance|auto-read_error_log|auto-read_fluorescence|auto-read_fluorescence_polarization|auto-read_luminescence|auto-read_time_resolved_fluorescence|auto-send_command|auto-serialize|auto-set_temperature|auto-setup|auto-start_shake|auto-stop|auto-stop_shake,这是一种用于读取微孔板样品信号的多功能酶标仪，可进行吸光度、荧光、化学发光、荧光偏振和时间分辨荧光检测。设备通常用于生化分析、细胞实验、免疫检测、酶活性测定和高通量筛选，并支持控温与振荡等板上实验条件控制。,"A multimode microplate reader used to measure signals from samples in microplates. It supports absorbance, fluorescence, luminescence, fluorescence polarization, and time-resolved fluorescence measurements. The instrument is commonly used for biochemical assays, cell-based experiments, immunoassays, enzyme activity measurements, and high-throughput screening, with support for temperature control and plate shaking.",酶标仪,表征设备|器件/细胞设备|生命体系|细胞生物学研究|微孔板检测与高通量筛选|微孔板样品孵育与混匀|酶标仪
OpenBCI生物电采集板,OpenBCI biosensing board,open_bci_board,open_bci_board,20,31,auto-check_connection|auto-disable_filters|auto-disconnect|auto-enable_filters|auto-find_port|auto-getNbAUXChannels|auto-getNbEEGChannels|auto-getSampleRate|auto-openbci_id|auto-print_bytes_in|auto-print_incoming_text|auto-print_packets_in|auto-print_register_settings|auto-reconnect|auto-run|auto-set_channel|auto-start_streaming|auto-stop|auto-test_signal|auto-warn,这是一种多通道开源生物电信号采集板，主要用于采集脑电信号，并可提供辅助通道输入。设备可通过扩展模块增加通道数，适合用于脑机接口实验、神经信号记录、教学演示以及一般生理电信号采集。,"This is a multi-channel open-source biosensing board mainly used to acquire EEG signals, with additional auxiliary input channels. It can expand channel count with a daisy module and is commonly used for brain-computer interface experiments, neural signal recording, teaching, and general physiological signal acquisition.",模拟输入数据采集模块|生物电信号采集板,表征设备|生命体系|传感测量与环境感知|模拟输入数据采集模块|脑机接口与生理电信号采集|生物电信号采集板
Opentrons 温度模块,Opentrons Temperature Module,opentrons_temperature_module_usb_backend,opentrons_temperature_module_usb_backend,6,16,auto-deactivate|auto-get_current_temperature|auto-serial|auto-serialize|auto-set_temperature|auto-supports_active_cooling,Opentrons 温度模块是一种用于实验室自动化平台的温控附件，可对样品板或其他小型实验容器进行加热或冷却并维持设定温度，常用于样品孵育、试剂保冷及温度敏感实验流程。,"The Opentrons Temperature Module is a temperature-control accessory for laboratory automation platforms. It heats or cools microplates or other small lab containers and maintains a set temperature for sample incubation, reagent cooling, and other temperature-sensitive workflows.",微孔板温控模块,备料&前处理设备|实验执行&合成设备|生命体系|实验室自动化与仪器集成|外接设备恒温控制|微孔板样品孵育与混匀|微孔板温控模块
Opentrons PCR热循环仪,Opentrons Thermocycler,opentrons_thermocycler_backend,opentrons_thermocycler_backend,20,30,auto-close_lid|auto-deactivate_block|auto-deactivate_lid|auto-get_block_current_temperature|auto-get_block_status|auto-get_block_target_temperature|auto-get_current_cycle_index|auto-get_current_step_index|auto-get_hold_time|auto-get_lid_current_temperature|auto-get_lid_open|auto-get_lid_status|auto-get_lid_target_temperature|auto-get_total_cycle_count|auto-get_total_step_count|auto-open_lid|auto-run_protocol|auto-serialize|auto-set_block_temperature|auto-set_lid_temperature,用于PCR等热循环实验的台式热循环仪模块，配有可开合的加热盖和可精确控温的样品块，可按预设程序执行多步升降温循环。常用于DNA扩增、酶反应孵育和分子生物学样品热处理。,"A benchtop thermocycler module for PCR and other thermal cycling workflows, featuring an openable heated lid and a temperature-controlled sample block. It runs programmed multi-step temperature profiles for DNA amplification, enzymatic incubations, and molecular biology sample heating.",普通PCR仪,实验执行&合成设备|生命体系|实验室自动化与仪器集成|基因编辑、分子生物学与育种|普通PCR仪
Opentrons GEN-1/GEN-2 PCR热循环仪,Opentrons GEN-1/GEN-2 Thermocycler,opentrons_thermocycler_usb_backend,opentrons_thermocycler_usb_backend,25,39,auto-close_lid|auto-deactivate_block|auto-deactivate_lid|auto-get_block_current_temperature|auto-get_block_status|auto-get_block_target_temperature|auto-get_current_cycle_index|auto-get_current_step_index|auto-get_device_info|auto-get_hold_time|auto-get_lid_current_temperature|auto-get_lid_open|auto-get_lid_status|auto-get_lid_target_temperature|auto-get_total_cycle_count|auto-get_total_step_count|auto-jog_lid|auto-lift_plate|auto-open_lid|auto-run_protocol|auto-set_block_temperature|auto-set_lid_temperature|auto-set_ramp_rate|auto-setup|auto-stop,一款用于PCR扩增的实验室热循环仪，配有可精确控温的样品块和加热上盖，可对PCR板中的样品执行变性、退火和延伸等温度循环步骤，适用于自动化分子生物学实验流程。,"A laboratory thermocycler for PCR amplification, featuring a precisely controlled sample block and a heated lid. It performs denaturation, annealing, and extension temperature cycles on PCR plates and is suited for automated molecular biology workflows.",普通PCR仪,实验执行&合成设备|生命体系|实验室自动化与仪器集成|基因编辑、分子生物学与育种|普通PCR仪
微孔板揭膜机,Microplate Peeler,peeler,peeler,2,9,auto-peel|auto-restart,用于自动剥离微孔板顶部封膜或粘性封板膜的实验室设备，常用于样品处理和自动化工作流中，在后续移液、读板或分析前打开微孔板。,"A laboratory device used to automatically remove sealing films or adhesive seals from microplates. It is commonly used in sample-processing and automated workflows to open plates before pipetting, plate reading, or analysis.",撕膜仪,备料&前处理设备|生命体系|实验室自动化与仪器集成|移液站产品|撕膜仪|微孔板揭膜与开板
多功能酶标仪,Microplate Reader,plate_reader,plate_reader,8,15,auto-assign_child_resource|auto-close|auto-get_plate|auto-open|auto-read_absorbance|auto-read_fluorescence|auto-read_luminescence|auto-serialize,用于读取微孔板中各孔的吸光度、荧光和发光信号的实验仪器，常用于生化分析、细胞实验和板式检测流程。,"An instrument used to read absorbance, fluorescence, and luminescence signals from wells in a microplate, commonly used for biochemical assays, cell-based experiments, and plate-based analytical workflows.",酶标仪,表征设备|生命体系|智慧表征与检测中心|微孔板检测与高通量筛选|细胞生物学研究|酶标仪
PTC PCR热循环仪,PTC PCR Thermal Cycler,ptc,ptc,19,29,auto-cancel|auto-clearbesr|auto-close|auto-erase|auto-execute|auto-folders|auto-geterrors|auto-getlidstatus|auto-getstatus|auto-gettemp|auto-lidclose|auto-lidopen|auto-program|auto-programs|auto-run|auto-setdebug|auto-setlidforce|auto-update|auto-version,用于PCR温度循环实验的热循环仪，可读取温度与运行状态，控制热盖开合与压力，并管理、运行和删除仪器中的程序。,"A PCR thermal cycler used for temperature cycling experiments. It can report temperature and run status, control heated-lid open/close and lid force, and manage, run, and delete onboard programs.",普通PCR仪,实验执行&合成设备|生命体系|基因编辑、分子生物学与育种|普通PCR仪
SCILA抽屉式培养存储装置,SCILA drawer-based incubation/storage unit,scila_backend,scila_backend,14,29,auto-deserialize|auto-is_temperature_control_enabled|auto-measure_temperature|auto-request_co2_flow_status|auto-request_drawer_status|auto-request_drawer_statuses|auto-request_liquid_level|auto-request_status|auto-request_target_temperature|auto-request_temperature_information|auto-request_valve_status|auto-serialize|auto-start_temperature_control|auto-stop_temperature_control,一种带抽屉访问的实验室环境控制装置，可用于样品或微孔板的培养或受控存储。该设备支持温度控制，并可查询液位、温度、CO₂流量、阀门以及抽屉状态。,"A drawer-based laboratory environmental control unit for incubating or storing samples or microplates under controlled conditions. It supports temperature control and can report liquid level, temperature, CO2 flow, valve status, and drawer status.",微孔板自动培养存储系统|气候箱,器件/细胞设备|生命体系|环境控制与稳定性测试|细胞生物学研究|气候箱培养与稳定性试验|微孔板自动培养存储系统|气候箱
微孔板封膜机,Microplate Sealer,sealer,sealer,5,12,auto-close|auto-get_temperature|auto-open|auto-seal|auto-set_temperature,用于实验室自动化中对微孔板进行封膜的设备，可执行封膜、开合机构控制，以及温度设置与读取。,"A laboratory automation device for sealing microplates. It supports sealing, opening and closing the mechanism, and setting or reading the temperature.",封膜仪,实验执行&合成设备|后处理设备|生命体系|实验室自动化与仪器集成|移液站产品|封膜仪|微孔板封膜与样品保护
BLE到LSL数据流组件,BLE-to-LSL Streamer,streamer,streamer,9,37,auto-address|auto-backend|auto-connect|auto-disconnect|auto-make_chunk|auto-send_command|auto-start|auto-stop|auto-subscriptions,这是一个非物理的软件组件，用于连接蓝牙低功耗（BLE）设备，订阅其通知数据，将收到的样本整理为数据块并发布到 Lab Streaming Layer（LSL）输出流中，供实验中的实时采集、同步和显示使用。,"This is a non-physical software component that connects to a Bluetooth Low Energy (BLE) device, subscribes to its notifications, organizes incoming samples into chunks, and publishes them to a Lab Streaming Layer (LSL) outlet for real-time acquisition, synchronization, and visualization in experiments.",蓝牙流式采集设备|实验数据流传输器,表征设备|生命体系|实验室自动化与仪器集成|脑机接口与生理电信号采集|实验仪器数据采集与联机控制|蓝牙流式采集设备|实验数据流传输器
OpenBCI 生物电采集板（LSL流输出）,OpenBCI biosignal acquisition board with LSL streaming,streamer_lsl,streamer_lsl,10,17,auto-begin|auto-change_locations|auto-cleanUp|auto-create_lsl|auto-init_board_settings|auto-initialize_board|auto-send|auto-set_board_settings|auto-start_streaming|auto-stop_streaming,用于初始化和控制 OpenBCI 生物电采集板，并将采集到的多通道数据通过 Lab Streaming Layer（LSL）发布。代码证据显示其可进行串口板卡初始化、默认通道配置、菊花链接入设置、开始/停止采集以及通道位置信息管理，适合脑电等生理信号实验的数据采集与实时流传输。,"Used to initialize and control an OpenBCI biosignal acquisition board and publish multichannel data through Lab Streaming Layer (LSL). The evidence shows serial board initialization, default channel configuration, daisy-module handling, start/stop acquisition, and channel location metadata management, making it suitable for EEG and related biosignal experiments with real-time streaming.",生物电信号采集板|实验数据流传输器,表征设备|生命体系|实验室自动化与仪器集成|脑机接口与生理电信号采集|实验仪器数据采集与联机控制|生物电信号采集板|实验数据流传输器
ProFlex PCR热循环仪,ProFlex PCR Thermocycler,thermo_fisher_thermocycler_backend,thermo_fisher_thermocycler_backend,47,75,auto-abort_run|auto-block_ramp_single_temp|auto-buzzer_off|auto-buzzer_on|auto-check_run_exists|auto-continue_run|auto-create_run|auto-deactivate_block|auto-deactivate_lid|auto-get_block_current_temperature|auto-get_block_id|auto-get_block_presence|auto-get_block_status|auto-get_block_target_temperature|auto-get_current_cycle_index|auto-get_current_step_index|auto-get_elapsed_run_time|auto-get_elapsed_run_time_from_log|auto-get_error|auto-get_estimated_run_time|auto-get_hold_time|auto-get_lid_current_temperature|auto-get_lid_open|auto-get_lid_status|auto-get_lid_target_temperature|auto-get_log_by_runname|auto-get_nickname|auto-get_remaining_run_time|auto-get_run_info|auto-get_run_name|auto-get_sample_temps|auto-get_total_cycle_count|auto-get_total_step_count|auto-is_block_running|auto-num_blocks|auto-power_off|auto-power_on|auto-run_protocol|auto-send_command|auto-send_morse_code|auto-set_block_idle_temp|auto-set_block_temperature|auto-set_cover_idle_temp|auto-set_lid_temperature|auto-set_nickname|auto-setup|auto-stop,用于PCR热循环实验的热循环仪，可控制反应模块与热盖温度、运行或中止扩增程序，并查询运行状态、步骤、时间和日志等信息。,"A thermocycler for PCR workflows that controls block and heated-lid temperatures, runs or aborts amplification protocols, and reports run status, steps, timing, and log information.",普通PCR仪,实验执行&合成设备|生命体系|基因编辑、分子生物学与育种|普通PCR仪
热循环仪,Thermocycler,thermocycler,thermocycler,25,32,auto-close_lid|auto-deactivate_block|auto-deactivate_lid|auto-get_block_current_temperature|auto-get_block_status|auto-get_block_target_temperature|auto-get_current_cycle_index|auto-get_current_step_index|auto-get_hold_time|auto-get_lid_current_temperature|auto-get_lid_open|auto-get_lid_status|auto-get_lid_target_temperature|auto-get_total_cycle_count|auto-get_total_step_count|auto-is_profile_running|auto-open_lid|auto-run_pcr_profile|auto-run_protocol|auto-serialize|auto-set_block_temperature|auto-set_lid_temperature|auto-wait_for_block|auto-wait_for_lid|auto-wait_for_profile_completion,用于 PCR 等热循环实验的通用热循环仪，支持加热块与热盖温度控制、开合盖、运行多阶段温控程序，并查询当前温度、循环进度与运行状态。,"A generic thermocycler for PCR and other thermal cycling workflows. It supports block and heated-lid temperature control, lid open/close operations, execution of multi-stage temperature protocols, and queries of current temperature, cycle progress, and run status.",普通PCR仪,实验执行&合成设备|生命体系|基因编辑、分子生物学与育种|DNA文库构建测序与蛋白设计|普通PCR仪
热循环仪抽象控制后端,Thermocycler Abstract Backend,thermocycler_backend,thermocycler_backend,19,26,auto-close_lid|auto-deactivate_block|auto-deactivate_lid|auto-get_block_current_temperature|auto-get_block_status|auto-get_block_target_temperature|auto-get_current_cycle_index|auto-get_current_step_index|auto-get_hold_time|auto-get_lid_current_temperature|auto-get_lid_open|auto-get_lid_status|auto-get_lid_target_temperature|auto-get_total_cycle_count|auto-get_total_step_count|auto-open_lid|auto-run_protocol|auto-set_block_temperature|auto-set_lid_temperature,用于热循环仪的非物理软件抽象组件。它定义了开关盖、设置模块与热盖温度、停用加热、执行热循环协议，以及读取温度、盖状态、步骤与循环进度等统一控制接口，供具体热循环仪设备实现使用。,"A non-physical abstract software component for thermocyclers. It defines a unified control interface for opening and closing the lid, setting block and lid temperatures, deactivating heating, running thermocycling protocols, and reading temperatures, lid state, and protocol progress, to be implemented by concrete thermocycler devices.",普通PCR仪,实验执行&合成设备|生命体系|实验室自动化与仪器集成|基因编辑、分子生物学与育种|实验仪器通信与驱动集成|普通PCR仪
UP20超声探头,UP20 Ultrasound Probe,up20,up20,37,55,auto-BulkIn|auto-BulkOut|auto-BulkOutFour|auto-BulkOutLarge|auto-BulkOutTwo|auto-BulkOutTwo512|auto-ControlIn|auto-ControlOut|auto-DLImgs|auto-Init1004|auto-InitArrays|auto-InitOn|auto-InitOneA|auto-InitRegisters|auto-InitSeries10|auto-Read512|auto-StartRun|auto-checkAddress|auto-checkAddressFull|auto-createLoop|auto-createLoopDoppler|auto-fastMotor|auto-freeze|auto-getImages|auto-getImagesDoppler|auto-getRawImages|auto-getUSBImages|auto-initProbe|auto-progIt|auto-readWrite|auto-saveImage|auto-startAcq|auto-startDoppler|auto-startMotor|auto-stopAcq|auto-stopMotor|auto-unfreeze,用于超声成像的USB探头设备，可通过USB控制传输与批量传输进行初始化、寄存器配置、图像采集、冻结/解冻、原始图像读取以及多普勒相关采集控制，适用于实验中的超声观察与数据获取。,"A USB ultrasound probe used for ultrasound imaging. It is controlled through USB control and bulk transfers for initialization, register configuration, image acquisition, freeze/unfreeze operation, raw image retrieval, and Doppler-related acquisition, making it suitable for experimental ultrasound observation and data capture.",多普勒超声探头,表征设备|生命体系|超声成像与多普勒流动监测|多普勒超声探头
