A4Så¾®å­”æ¿çƒ­å°æœº,A4S Microplate Heat Sealer,a4_s_backend,a4_s_backend,13,24,auto-close|auto-get_remaining_time|auto-get_status|auto-get_temperature|auto-open|auto-seal|auto-send_command|auto-set_heater|auto-set_temperature|auto-set_time|auto-setup|auto-stop|auto-system_reset,A4Sæ˜¯ä¸€ç§ç”¨äºŽå®žéªŒå®¤å¾®å­”æ¿çƒ­å°çš„è‡ªåŠ¨å°è†œè®¾å¤‡ï¼Œå¯å¯¹PCRæ¿ã€æ·±å­”æ¿æˆ–å‚¨æ ·æ¿æ–½åŠ å—æŽ§æ¸©åº¦å’Œæ—¶é—´ï¼Œå°†å°è†œææ–™åŽ‹åˆåˆ°æ¿å£ä»¥å®žçŽ°å¯†å°ã€‚å®ƒé€‚ç”¨äºŽæ ·å“å‚¨å­˜ã€é¿å…è’¸å‘ä¸Žæ±¡æŸ“ï¼Œä»¥åŠè‡ªåŠ¨åŒ–æ ·å“å¤„ç†æµç¨‹ä¸­çš„æ¿å°å£æ­¥éª¤ã€‚,"The A4S is an automated microplate heat sealer used in laboratories to apply sealing films to microplates under controlled temperature and time conditions. It is used with PCR plates, deep-well plates, or storage plates to create a secure seal for sample storage, evaporation and contamination control, and automated sample-processing workflows.",å°è†œä»ª,å¤‡æ–™&å‰å¤„ç†è®¾å¤‡|ç”Ÿå‘½ä½“ç³»|å®žéªŒå®¤è‡ªåŠ¨åŒ–ä¸Žä»ªå™¨é›†æˆ|ç§»æ¶²ç«™äº§å“|å°è†œä»ª
AA Opto MDS å£°å…‰å¯è°ƒæ»¤æ³¢å™¨,AA Opto MDS Acousto-Optic Tunable Filter,aa_opto_mds,aa_opto_mds,10,17,auto-Close|auto-Disable|auto-Enable|auto-GetFreq|auto-GetPower|auto-GetStatus|auto-SetFreq|auto-SetPower|auto-SetPowerAndEnable|auto-query,è¿™æ˜¯ä¸€å° AA Opto çš„ MDS ç³»åˆ—å£°å…‰å¯è°ƒæ»¤æ³¢å™¨/æŽ§åˆ¶å•å…ƒï¼Œç”¨äºŽæŒ‰é€šé“æŽ§åˆ¶æ¿€å…‰å…‰è·¯çš„é€è¿‡ã€å°„é¢‘é©±åŠ¨åŠŸçŽ‡å’Œå·¥ä½œé¢‘çŽ‡ï¼Œä»Žè€Œå®žçŽ°ç‰¹å®šæ³¢é•¿æˆ–å…‰æŸçš„å¿«é€Ÿé€‰é€šä¸Žå¼ºåº¦è°ƒèŠ‚ã€‚è¯¥è®¾å¤‡å¸¸ç”¨äºŽè§å…‰æ˜¾å¾®ã€æ¿€å…‰æ‰«æå’Œå¤šæ¿€å…‰å®žéªŒä¸­çš„å¿«é€Ÿæ³¢é•¿é€‰æ‹©ä¸Žå…‰å¼ºè°ƒåˆ¶ã€‚,"This is an AA Opto MDS-series acousto-optic tunable filter and controller used to control laser transmission, RF drive power, and operating frequency on individual channels, enabling fast wavelength selection and intensity modulation. It is commonly used in fluorescence microscopy, laser scanning, and multi-laser laboratory setups for rapid optical switching and beam control.",å£°å…‰å¯è°ƒæ»¤æ³¢å™¨,è¡¨å¾è®¾å¤‡|ç”Ÿå‘½ä½“ç³»|æ™ºæ…§è¡¨å¾ä¸Žæ£€æµ‹ä¸­å¿ƒ|æ˜¾å¾®æˆåƒä¸Žå…‰å­¦æ˜¾å¾®å®žéªŒ|å£°å…‰å¯è°ƒæ»¤æ³¢å™¨
Agilent VSpin å¾®å­”æ¿ç¦»å¿ƒæœº,Agilent VSpin Microplate Centrifuge,access2_backend,access2_backend,33,52,auto-bucket_1_remainder|auto-close|auto-close_door|auto-configure_and_initialize|auto-g_to_rpm|auto-get_bucket_1_position|auto-get_bucket_locked|auto-get_door_locked|auto-get_door_open|auto-get_home_position|auto-get_position|auto-get_status|auto-get_tachometer|auto-go_to_bucket1|auto-go_to_bucket2|auto-go_to_position|auto-initialize|auto-load|auto-lock_bucket|auto-lock_door|auto-open|auto-open_door|auto-park|auto-send_command|auto-serialize|auto-set_bucket_1_position_to_current|auto-set_configuration_data|auto-setup|auto-spin|auto-stop|auto-unload|auto-unlock_bucket|auto-unlock_door,ä¸€æ¬¾ç”¨äºŽå®žéªŒå®¤è‡ªåŠ¨åŒ–ç³»ç»Ÿçš„å¾®å­”æ¿ç¦»å¿ƒæœºï¼Œå¯å¯¹æ ·å“æ¿è¿›è¡Œè£…è½½ã€å¸è½½ã€å¼€å…³é—¨ã€é”å®šè½¬ç¯®å¹¶æ‰§è¡Œç¦»å¿ƒè¿è¡Œã€‚å¸¸ç”¨äºŽå¾®å­”æ¿æ ·å“çš„çŸ­æ—¶ç¦»å¿ƒã€æ”¶é›†æ¶²æ»´å’Œè‡ªåŠ¨åŒ–æµç¨‹ä¸­çš„æ¿çº§å‰å¤„ç†ã€‚,"An automated microplate centrifuge for laboratory workflows. It can load and unload plates, open and close the door, lock the bucket, and perform spin operations. It is commonly used for short spins, collecting droplets, and plate-level sample preparation in automated lab systems.",ç¦»å¿ƒæœº,å¤‡æ–™&å‰å¤„ç†è®¾å¤‡|ç”Ÿå‘½ä½“ç³»|å®žéªŒå®¤è‡ªåŠ¨åŒ–ä¸Žä»ªå™¨é›†æˆ|ç§»æ¶²ç«™äº§å“|ç¦»å¿ƒæœº
Opentrons ATC è‡ªåŠ¨çƒ­å¾ªçŽ¯ä»ª,Opentrons Automated Thermocycler,atc_backend,atc_backend,2,9,auto-close_lid|auto-open_lid,ç”¨äºŽPCRç­‰æ ¸é…¸æ‰©å¢žæµç¨‹çš„è‡ªåŠ¨çƒ­å¾ªçŽ¯ä»ªæ¨¡å—ï¼Œæä¾›ç¨‹åºåŒ–æ¸©åº¦å¾ªçŽ¯ï¼ˆå˜æ€§ã€é€€ç«ã€å»¶ä¼¸ï¼‰å¹¶é…å¤‡å¯å¼€åˆåŠ çƒ­ä¸Šç›–ï¼Œæ”¯æŒåœ¨è‡ªåŠ¨åŒ–å®žéªŒæµç¨‹ä¸­è¿›è¡Œæ¿å¼æ ·æœ¬æ¸©æŽ§ã€‚,"An automated thermocycler module for PCR and related nucleic acid amplification workflows, providing programmed temperature cycling (denaturation, annealing, extension) with an opening heated lid for plate-based sample temperature control in automated lab protocols.",æ™®é€šPCRä»ª,å®žéªŒæ‰§è¡Œ&åˆæˆè®¾å¤‡|ç”Ÿå‘½ä½“ç³»|åŸºå› ç¼–è¾‘ã€åˆ†å­ç”Ÿç‰©å­¦ä¸Žè‚²ç§|æ™®é€šPCRä»ª
é€šç”¨è“ç‰™æµå¼é‡‡é›†è®¾å¤‡,Generic BLE Streaming Acquisition Device,base_streamer,base_streamer,7,37,auto-address|auto-backend|auto-make_chunk|auto-send_command|auto-start|auto-stop|auto-subscriptions,ä¸€ç§é€šç”¨çš„è“ç‰™ä¼ æ„Ÿå™¨æˆ–é‡‡é›†è®¾å¤‡ï¼Œå¯è¿žç»­å‘å®žéªŒè®¡ç®—æœºå‘é€æµ‹é‡æ•°æ®ï¼Œå¹¶ä½œä¸º LSL æ•°æ®æµç”¨äºŽåŒæ­¥è®°å½•ã€åœ¨çº¿ç›‘æµ‹å’Œè”åˆå®žéªŒã€‚é€‚ç”¨äºŽç”Ÿç†ä¿¡å·ã€è¿åŠ¨ä¿¡å·æˆ–å…¶ä»–å®žæ—¶ä¼ æ„Ÿæ•°æ®çš„é‡‡é›†ã€‚,"A generic Bluetooth sensor or acquisition device that continuously sends measurement data to a lab computer and publishes it as an LSL stream for synchronized recording, online monitoring, and multimodal experiments. It is suitable for acquiring biosignals, motion signals, or other real-time sensor data.",è“ç‰™æµå¼é‡‡é›†è®¾å¤‡,è¡¨å¾è®¾å¤‡|ç”Ÿå‘½ä½“ç³»|å®žéªŒå®¤è‡ªåŠ¨åŒ–ä¸Žä»ªå™¨é›†æˆ|å®žéªŒä»ªå™¨æ•°æ®é‡‡é›†ä¸Žè”æœºæŽ§åˆ¶|è“ç‰™æµå¼é‡‡é›†è®¾å¤‡
BITalino ç”Ÿç†ä¿¡å·é‡‡é›†æ¿,BITalino biosignal acquisition board,bi_talino,bi_talino,5,21,auto-connect|auto-disconnect|auto-set_callback|auto-start|auto-stop,BITalino æ˜¯ä¸€æ¬¾ä¾¿æºå¼è“ç‰™ç”Ÿç†ä¿¡å·é‡‡é›†è®¾å¤‡ï¼Œæä¾›å¤šè·¯æ¨¡æ‹Ÿè¾“å…¥é€šé“ï¼Œå¯ç”¨äºŽé‡‡é›†å’Œä¼ è¾“å®žéªŒä¸­çš„ç”Ÿç†æˆ–å…¶ä»–ä½Žé¢‘æ¨¡æ‹Ÿä¼ æ„Ÿå™¨ä¿¡å·ã€‚å®ƒå¸¸ç”¨äºŽæ•™å­¦ã€åŽŸåž‹å¼€å‘å’Œå¯ç©¿æˆ´ç”Ÿç†æµ‹é‡å®žéªŒã€‚,"BITalino is a portable Bluetooth biosignal acquisition device with multiple analog input channels for collecting and streaming physiological or other low-frequency analog sensor signals in laboratory experiments. It is commonly used for teaching, prototyping, and wearable physiology measurements.",æ¨¡æ‹Ÿè¾“å…¥æ•°æ®é‡‡é›†æ¨¡å—,è¡¨å¾è®¾å¤‡|ç”Ÿå‘½ä½“ç³»|å®žéªŒä»ªå™¨æ•°æ®é‡‡é›†ä¸Žè”æœºæŽ§åˆ¶|æ¨¡æ‹Ÿè¾“å…¥æ•°æ®é‡‡é›†æ¨¡å—
BioShakeå¾®å­”æ¿åŠ çƒ­æŒ¯è¡å™¨,BioShake microplate heater shaker,bio_shake,bio_shake,13,21,auto-deactivate|auto-get_current_temperature|auto-home|auto-lock_plate|auto-reset|auto-set_temperature|auto-setup|auto-shake|auto-stop|auto-stop_shaking|auto-supports_active_cooling|auto-supports_locking|auto-unlock_plate,è¿™æ˜¯ä¸€ç§å®žéªŒå®¤å¾®å­”æ¿åŠ çƒ­æŒ¯è¡å™¨ï¼Œå¯å¯¹æ¿å¼æ ·å“è¿›è¡ŒæŽ§æ¸©å¹¶åŒæ—¶æŒ¯è¡æ··åŒ€ã€‚å®ƒå¸¸ç”¨äºŽæ ·å“å­µè‚²ã€ååº”æ··åˆã€é…¶ååº”ã€æ ¸é…¸ä¸Žè›‹ç™½ç›¸å…³å®žéªŒç­‰éœ€è¦ç¨³å®šæ¸©åº¦å’ŒæŒç»­æ‘‡åŒ€çš„æµç¨‹ï¼Œéƒ¨åˆ†æœºåž‹è¿˜æ”¯æŒé”æ¿ä¸Žä¸»åŠ¨å†·å´åŠŸèƒ½ã€‚,"This is a laboratory microplate heater shaker that provides temperature control and shaking for plate-based samples. It is commonly used for sample incubation, reaction mixing, enzymatic workflows, and nucleic acid or protein-related assays that require stable heating and continuous agitation. Some models also support plate locking and active cooling.",çƒ­æ··åŒ€ä»ª|å¾®å­”æ¿æ’æ¸©æŒ¯è¡å™¨,å¤‡æ–™&å‰å¤„ç†è®¾å¤‡|å®žéªŒæ‰§è¡Œ&åˆæˆè®¾å¤‡|ç”Ÿå‘½ä½“ç³»|æº¶æ¶²é…åˆ¶ä¸Žååº”|çƒ­æ··åŒ€ä»ª|å¾®å­”æ¿æ ·å“å­µè‚²ä¸Žæ··åŒ€|å¾®å­”æ¿æ’æ¸©æŒ¯è¡å™¨
Agilent BioTek å¤šåŠŸèƒ½å¾®å­”æ¿è¯»æ¿ä»ª,Agilent BioTek multimode microplate reader,bio_tek_plate_reader_backend,bio_tek_plate_reader_backend,25,41,auto-abs_wavelength_range|auto-close|auto-emission_range|auto-excitation_range|auto-focal_height_range|auto-get_current_temperature|auto-get_firmware_version|auto-get_serial_number|auto-home|auto-open|auto-read_absorbance|auto-read_fluorescence|auto-read_luminescence|auto-send_command|auto-set_plate|auto-set_temperature|auto-setup|auto-shake|auto-stop|auto-stop_heating_or_cooling|auto-stop_shaking|auto-supports_cooling|auto-supports_heating|auto-temperature_range|auto-version,è¿™æ˜¯ä¸€ç§å°å¼å¾®å­”æ¿è¯»æ¿ä»ªï¼Œç”¨äºŽå¯¹å¾®å­”æ¿ä¸­çš„æ ·å“è¿›è¡Œå¸å…‰åº¦ã€è§å…‰å’Œå‘å…‰æ£€æµ‹ã€‚è®¾å¤‡é€šå¸¸å¸¦æœ‰è½½æ¿æŠ½å±‰ã€æ¸©åº¦æŽ§åˆ¶å’ŒæŒ¯è¡åŠŸèƒ½ï¼Œé€‚ç”¨äºŽç”ŸåŒ–åˆ†æžã€ç»†èƒžå®žéªŒå’Œé«˜é€šé‡ç­›é€‰ç­‰å®žéªŒå®¤æ£€æµ‹å·¥ä½œã€‚,"A benchtop multimode microplate reader used to measure absorbance, fluorescence, and luminescence from samples in microplates. It typically includes a plate tray, temperature control, and shaking, and is used for biochemical assays, cell-based experiments, and high-throughput screening.",é…¶æ ‡ä»ª,è¡¨å¾è®¾å¤‡|ç”Ÿå‘½ä½“ç³»|æ™ºæ…§è¡¨å¾ä¸Žæ£€æµ‹ä¸­å¿ƒ|ç»†èƒžç”Ÿç‰©å­¦ç ”ç©¶|é…¶æ ‡ä»ª|å¾®å­”æ¿æ£€æµ‹ä¸Žé«˜é€šé‡ç­›é€‰
BioShakeå¾®å­”æ¿æ’æ¸©æŒ¯è¡å™¨,BioShake microplate thermoshaker,bioshake_driver,bioshake_driver,7,17,auto-get_info|auto-home_shaker|auto-lock|auto-set_shake|auto-temp_off|auto-temp_on|auto-unlock,è¿™æ˜¯ä¸€ç§ç”¨äºŽå¾®å­”æ¿æ ·å“å¤„ç†çš„å®žéªŒå®¤æ’æ¸©æŒ¯è¡è®¾å¤‡ï¼Œå¯å¯¹æ¿å†…æ¶²ä½“è¿›è¡ŒæŒ¯è¡æ··åŒ€å¹¶æä¾›æ¸©åº¦æŽ§åˆ¶ï¼Œå¸¸ç”¨äºŽå­µè‚²ã€é…¶ååº”å’Œæ ·å“åˆ¶å¤‡ç­‰æµç¨‹ã€‚,"This is a laboratory thermoshaker for processing microplate samples. It provides shaking for liquid mixing and temperature control, and is commonly used for incubation, enzymatic reactions, and sample preparation workflows.",çƒ­æ··åŒ€ä»ª|å¾®å­”æ¿æ’æ¸©æŒ¯è¡å™¨,å¤‡æ–™&å‰å¤„ç†è®¾å¤‡|å®žéªŒæ‰§è¡Œ&åˆæˆè®¾å¤‡|ç”Ÿå‘½ä½“ç³»|æº¶æ¶²é…åˆ¶ä¸Žååº”|çƒ­æ··åŒ€ä»ª|å¾®å­”æ¿æ ·å“å­µè‚²ä¸Žæ··åŒ€|å¾®å­”æ¿æ’æ¸©æŒ¯è¡å™¨
Byonoy Absorbance 96 é…¶æ ‡ä»ª,Byonoy Absorbance 96 Plate Reader,byonoy_absorbance96_automate_backend,byonoy_absorbance96_automate_backend,7,29,auto-get_available_absorbance_wavelengths|auto-initialize_measurements|auto-read_absorbance|auto-read_fluorescence|auto-read_luminescence|auto-send_command|auto-setup,è¿™æ˜¯ä¸€æ¬¾é¢å‘96å­”å¾®å­”æ¿çš„å¸å…‰åº¦é…¶æ ‡ä»ªï¼Œç”¨äºŽåœ¨é€‰å®šæ³¢é•¿ä¸‹æµ‹é‡å„å­”æ ·å“çš„å¸å…‰åº¦ä¿¡å·ã€‚å®ƒé€‚ç”¨äºŽELISAã€æ¯”è‰²åˆ†æžä»¥åŠå…¶ä»–åŸºäºŽå¾®å­”æ¿çš„å¸¸è§„å®žéªŒæ£€æµ‹ã€‚,"This is a 96-well microplate absorbance reader used to measure sample absorbance in plate wells at selected wavelengths. It is suitable for ELISA, colorimetric assays, and other routine microplate-based laboratory measurements.",é…¶æ ‡ä»ª,è¡¨å¾è®¾å¤‡|ç”Ÿå‘½ä½“ç³»|æ™ºæ…§è¡¨å¾ä¸Žæ£€æµ‹ä¸­å¿ƒ|å¾®å­”æ¿æ£€æµ‹ä¸Žé«˜é€šé‡ç­›é€‰|é…¶æ ‡ä»ª
CLARIOstarå¤šåŠŸèƒ½é…¶æ ‡ä»ª,CLARIOstar multimode microplate reader,clari_ostar_backend,clari_ostar_backend,13,29,auto-close|auto-get_stat|auto-initialize|auto-open|auto-read_absorbance|auto-read_command_status|auto-read_fluorescence|auto-read_luminescence|auto-read_resp|auto-request_eeprom_data|auto-send|auto-setup|auto-stop,CLARIOstar æ˜¯ä¸€æ¬¾å¤šåŠŸèƒ½å¾®å­”æ¿è¯»æ¿ä»ªï¼Œå¯å¯¹å¾®å­”æ¿æ ·å“è¿›è¡Œå¸å…‰åº¦ã€è§å…‰å’Œå‘å…‰æ£€æµ‹ï¼Œå¸¸ç”¨äºŽç”ŸåŒ–åˆ†æžã€ç»†èƒžå®žéªŒã€è¯ç‰©ç­›é€‰å’Œå…¶ä»–é«˜é€šé‡å®žéªŒã€‚,"The CLARIOstar is a multimode microplate reader used to measure absorbance, fluorescence, and luminescence in microplate samples. It is commonly used for biochemical assays, cell-based experiments, drug screening, and other high-throughput laboratory workflows.",é…¶æ ‡ä»ª,è¡¨å¾è®¾å¤‡|ç”Ÿå‘½ä½“ç³»|å¾®å­”æ¿æ£€æµ‹ä¸Žé«˜é€šé‡ç­›é€‰|ç»†èƒžç”Ÿç‰©å­¦ç ”ç©¶|é…¶æ ‡ä»ª
BioTek Cytationå¾®å­”æ¿æˆåƒè¯»æ¿ä»ª,BioTek Cytation Plate Reader Imager,cytation_backend,cytation_backend,17,39,auto-capture|auto-filters|auto-led_off|auto-led_on|auto-objectives|auto-select|auto-set_auto_exposure|auto-set_exposure|auto-set_focus|auto-set_gain|auto-set_imaging_mode|auto-set_objective|auto-set_position|auto-start_acquisition|auto-stop_acquisition|auto-supports_cooling|auto-supports_heating,Cytationæ˜¯ä¸€ç±»å¸¦æ˜¾å¾®æˆåƒåŠŸèƒ½çš„å¾®å­”æ¿è¯»æ¿ä»ªï¼Œå¯å¯¹å¤šå­”æ¿æ ·å“è¿›è¡Œè‡ªåŠ¨å¯¹ç„¦ã€ä½ç§»æ‰«æã€æ˜Žåœºæˆ–æ»¤å…‰ç‰‡æˆåƒï¼Œå¹¶æ”¯æŒç›¸æœºæ›å…‰ã€å¢žç›Šã€ç‰©é•œå’Œç…§æ˜Žè®¾ç½®ã€‚å®ƒå¸¸ç”¨äºŽç»†èƒžåŸ¹å…»æ¿æˆåƒã€è§å…‰/æ˜Žåœºè§‚å¯Ÿä»¥åŠè‡ªåŠ¨åŒ–æ¿å¼å®žéªŒçš„æ•°æ®é‡‡é›†ã€‚,"The Cytation is a microplate reader with integrated microscopy-style imaging. It can autofocus, move across wells, perform brightfield or filtered imaging, and control camera exposure, gain, objectives, and illumination. It is commonly used for imaging cell culture plates, fluorescence or brightfield observation, and automated data collection in plate-based assays.",é…¶æ ‡ä»ª|è§å…‰æ˜¾å¾®é•œ|å¾®å­”æ¿æˆåƒè¯»æ¿ä»ª,è¡¨å¾è®¾å¤‡|ç”Ÿå‘½ä½“ç³»|ç»†èƒžç”Ÿç‰©å­¦ç ”ç©¶|å¾®å­”æ¿æ£€æµ‹ä¸Žé«˜é€šé‡ç­›é€‰|æ˜¾å¾®æˆåƒä¸Žå…‰å­¦æ˜¾å¾®å®žéªŒ|é…¶æ ‡ä»ª|è§å…‰æ˜¾å¾®é•œ|å¾®å­”æ¿æˆåƒè¯»æ¿ä»ª
Cytomatå¾®å­”æ¿è‡ªåŠ¨åŸ¹å…»å­˜å‚¨ç³»ç»Ÿ,Cytomat Automated Microplate Incubator Storage System,cytomat_backend,cytomat_backend,43,59,auto-action_exposed_to_storage|auto-action_exposed_to_wait|auto-action_read_barcode|auto-action_storage_to_exposed|auto-action_storage_to_transfer|auto-action_storage_to_wait|auto-action_transfer_to_storage|auto-action_transfer_to_wait|auto-action_wait_to_exposed|auto-action_wait_to_storage|auto-action_wait_to_transfer|auto-close_door|auto-fetch_plate_to_loading_tray|auto-get_action_register|auto-get_co2|auto-get_error_register|auto-get_humidity|auto-get_incubation_query|auto-get_o2|auto-get_overview_register|auto-get_sensor_register|auto-get_swap_register|auto-get_temperature|auto-get_warning_register|auto-init_shakers|auto-initialize|auto-open_door|auto-reset_error_register|auto-send_action|auto-send_command|auto-serialize|auto-set_racks|auto-set_shaking_frequency|auto-set_temperature|auto-setup|auto-shovel_in|auto-shovel_out|auto-start_shaking|auto-stop|auto-stop_shaking|auto-take_in_plate|auto-wait_for_task_completion|auto-wait_for_transfer_station,è¿™æ˜¯ä¸€ç§ç”¨äºŽå¾®å­”æ¿è‡ªåŠ¨å­˜å–ã€åŸ¹å…»å’Œè½¬è¿çš„å®žéªŒå®¤åŸ¹å…»å­˜å‚¨è®¾å¤‡ï¼Œå¸¦æœ‰å†…éƒ¨å­˜å‚¨ä½ã€ä¼ é€ä½å’Œå¤–éƒ¨æš´éœ²ä½ï¼Œå¯æŽ§åˆ¶æ¸©åº¦ã€CO2ã€æ¹¿åº¦å’ŒO2ï¼Œå¹¶æ”¯æŒæŒ¯è¡å’Œæ¡ç è¯»å–ã€‚å¸¸ç”¨äºŽç»†èƒžåŸ¹å…»ã€é«˜é€šé‡ç­›é€‰å’Œè‡ªåŠ¨åŒ–å·¥ä½œç«™ä¸­çš„æ¿ç®¡ç†ã€‚,"This is an automated laboratory incubator and storage system for microplates, with internal storage positions, a transfer station, and an external exposed position. It can control temperature, CO2, humidity, and O2, and supports shaking and barcode reading. It is commonly used for cell culture, high-throughput screening, and automated plate management workflows.",ç»„ç»‡åŸ¹å…»è¯•éªŒç®±|å¾®å­”æ¿è‡ªåŠ¨åŸ¹å…»å­˜å‚¨ç³»ç»Ÿ,å™¨ä»¶/ç»†èƒžè®¾å¤‡|ç‰©æµ/æœºæ¢°|ç”Ÿå‘½ä½“ç³»|ç»†èƒžç”Ÿç‰©å­¦ç ”ç©¶|å¾®å­”æ¿æ ·å“å­µè‚²ä¸Žæ··åŒ€|å¾®å­”æ¿æ£€æµ‹ä¸Žé«˜é€šé‡ç­›é€‰|ç»„ç»‡åŸ¹å…»è¯•éªŒç®±|å¾®å­”æ¿è‡ªåŠ¨åŸ¹å…»å­˜å‚¨ç³»ç»Ÿ
Heraeus Cytomatè‡ªåŠ¨å¾®å­”æ¿åŸ¹å…»å­˜å‚¨ç³»ç»Ÿ,Heraeus Cytomat automated microplate incubator,heraeus_cytomat_backend,heraeus_cytomat_backend,16,27,auto-close_door|auto-deserialize|auto-fetch_plate_to_loading_tray|auto-get_temperature|auto-initialize|auto-open_door|auto-read_plate_detection_xfer|auto-serialize|auto-set_racks|auto-set_temperature|auto-setup|auto-start_shaking|auto-stop|auto-stop_shaking|auto-take_in_plate|auto-wait_for_transfer_station,è¿™æ˜¯ä¸€ç§ç”¨äºŽè‡ªåŠ¨åŒ–å®žéªŒæµç¨‹çš„å¾®å­”æ¿åŸ¹å…»ä¸Žå­˜å‚¨è®¾å¤‡ï¼Œå¸¦æœ‰æ¸©åº¦æŽ§åˆ¶ã€æŒ¯è¡å’Œä¼ é€å·¥ä½ï¼Œå¯åœ¨å†…éƒ¨æ¿æž¶ä¸­å­˜æ”¾å¾®å­”æ¿ï¼Œå¹¶é€šè¿‡èˆ±é—¨ä¸Žè£…è½½æ‰˜ç›˜å®Œæˆè¿›å‡ºæ¿ã€‚å¸¸ç”¨äºŽç»†èƒžåŸ¹å…»ã€æ ·å“å­µè‚²ä»¥åŠä¸Žæœºå™¨äººè”ç”¨çš„é«˜é€šé‡å®žéªŒæµç¨‹ã€‚,"An automated microplate incubator and storage unit for laboratory automation workflows. It provides temperature control, shaking, and a transfer/loading station to move plates between internal racks and external handlers. It is used for microplate incubation, storage, and robotic high-throughput laboratory workflows.",å¾®å­”æ¿è‡ªåŠ¨åŸ¹å…»å­˜å‚¨ç³»ç»Ÿ,å™¨ä»¶/ç»†èƒžè®¾å¤‡|ç”Ÿå‘½ä½“ç³»|å®žéªŒå®¤è‡ªåŠ¨åŒ–ä¸Žä»ªå™¨é›†æˆ|ç»†èƒžç”Ÿç‰©å­¦ç ”ç©¶|å¾®å­”æ¿æ ·å“å­µè‚²ä¸Žæ··åŒ€|å¾®å­”æ¿è‡ªåŠ¨åŸ¹å…»å­˜å‚¨ç³»ç»Ÿ
è‡ªåŠ¨å¾®å­”æ¿åŸ¹å…»ç®±,Automated microplate incubator,incubator,incubator,16,29,auto-close_door|auto-deserialize|auto-fetch_plate_to_loading_tray|auto-find_random_site|auto-find_smallest_site_for_plate|auto-get_num_free_sites|auto-get_site_by_plate_name|auto-get_temperature|auto-open_door|auto-racks|auto-serialize|auto-set_temperature|auto-start_shaking|auto-stop_shaking|auto-summary|auto-take_in_plate,ä¸€ç§ç”¨äºŽå­˜æ”¾å¹¶æ¸©æŽ§åŸ¹å…»å¾®å­”æ¿æˆ–åŸ¹å…»æ¿çš„è‡ªåŠ¨åŒ–å®žéªŒå®¤åŸ¹å…»ç®±ï¼Œé€šå¸¸å…·æœ‰å¤šä¸ªæ¿ä½ã€è£…è½½æ‰˜ç›˜å’Œå¯å¼€é—­é—¨æœºæž„ï¼Œå¯åœ¨è®¾å®šæ¸©åº¦ä¸‹è¿›è¡Œæ ·å“å­µè‚²ï¼Œå¹¶æ”¯æŒæ¿ä»¶å–æ”¾ä¸ŽæŒ¯è¡æ··åŒ€ã€‚å¸¸ç”¨äºŽç»†èƒžåŸ¹å…»ã€é…¶ååº”ã€æ ·å“ä¿æ¸©å’Œè‡ªåŠ¨åŒ–æµç¨‹ä¸­çš„æ¿å¼å­µè‚²æ­¥éª¤ã€‚,"An automated laboratory incubator for storing and temperature-controlling microplates or assay plates. It typically provides multiple plate sites, a loading tray, and a door mechanism, allowing incubation at a set temperature as well as automated plate transfer and shaking. It is commonly used for cell culture, enzyme reactions, sample holding, and plate incubation steps in lab automation workflows.",å¾®å­”æ¿è‡ªåŠ¨åŸ¹å…»å­˜å‚¨ç³»ç»Ÿ,å®žéªŒæ‰§è¡Œ&åˆæˆè®¾å¤‡|å™¨ä»¶/ç»†èƒžè®¾å¤‡|ç”Ÿå‘½ä½“ç³»|å®žéªŒå®¤è‡ªåŠ¨åŒ–ä¸Žä»ªå™¨é›†æˆ|ç»†èƒžç”Ÿç‰©å­¦ç ”ç©¶|å¾®å­”æ¿æ ·å“å­µè‚²ä¸Žæ··åŒ€|å¾®å­”æ¿è‡ªåŠ¨åŸ¹å…»å­˜å‚¨ç³»ç»Ÿ
INHECOå­µè‚²æŒ¯è¡å™¨å †å ç³»ç»Ÿ,INHECO Incubator/Shaker Stack,incubator_shaker_stack,incubator_shaker_stack,11,22,auto-close_all|auto-get_all_temperatures|auto-num_units|auto-open_all|auto-request_loading_tray_states|auto-request_shaking_states|auto-request_temperature_control_states|auto-shake|auto-start_all_temperature_control|auto-stop_all_shaking|auto-stop_all_temperature_control,ç”±å¤šä¸ªå¯å †å å­µè‚²æŒ¯è¡å•å…ƒç»„æˆçš„å®žéªŒå®¤è‡ªåŠ¨åŒ–è®¾å¤‡ï¼Œå¸¦æœ‰è£…è½½æ‰˜ç›˜ï¼Œå¯å¯¹æ ·å“æˆ–å¾®å­”æ¿è¿›è¡Œæ¸©åº¦æŽ§åˆ¶å­µè‚²ä¸ŽæŒ¯è¡æ··åŒ€ï¼Œå¸¸ç”¨äºŽè‡ªåŠ¨åŒ–åŸ¹å…»ã€ååº”å­µè‚²å’Œæ ·å“å¤„ç†æµç¨‹ã€‚,"A laboratory automation device composed of multiple stackable incubator/shaker units with loading trays, used to provide temperature-controlled incubation and shaking for samples or microplates in automated culture, reaction incubation, and sample-processing workflows.",å¾®å­”æ¿æ’æ¸©æŒ¯è¡å™¨,å®žéªŒæ‰§è¡Œ&åˆæˆè®¾å¤‡|å™¨ä»¶/ç»†èƒžè®¾å¤‡|ç”Ÿå‘½ä½“ç³»|å®žéªŒå®¤è‡ªåŠ¨åŒ–ä¸Žä»ªå™¨é›†æˆ|ç»†èƒžç”Ÿç‰©å­¦ç ”ç©¶|å¾®å­”æ¿æ ·å“å­µè‚²ä¸Žæ··åŒ€|å¾®å­”æ¿æ’æ¸©æŒ¯è¡å™¨
STXè‡ªåŠ¨å¾®å­”æ¿åŸ¹å…»ç®±,STX Automated Microplate Incubator,incubator_stx,incubator_stx,7,38,auto-getClimate|auto-getPresetClimate|auto-inputPlate|auto-is_ready|auto-outputPlate|auto-resetAndActivate|auto-setPresetClimate,ä¸€ç§ç”¨äºŽå¾®å­”æ¿æ ·å“åŸ¹å…»ä¸Žæš‚å­˜çš„è‡ªåŠ¨åŒ–åŸ¹å…»ç®±ï¼Œæ”¯æŒæ¸©åº¦ã€æ¹¿åº¦ã€äºŒæ°§åŒ–ç¢³å’Œæ°®æ°”çŽ¯å¢ƒæŽ§åˆ¶ï¼Œå¹¶å¯é€šè¿‡å·¦å³æ–™ç›’/ä»“ä½è¿›è¡Œå¾®å­”æ¿è¿›å‡ºåº“æ“ä½œï¼Œå¸¸ç”¨äºŽç»†èƒžåŸ¹å…»ã€æ´»ç»†èƒžå®žéªŒå’Œè‡ªåŠ¨åŒ–ç”Ÿç‰©å®žéªŒæµç¨‹ã€‚,"An automated incubator for culturing and storing microplates, with control of temperature, humidity, carbon dioxide, and nitrogen atmosphere. It supports plate loading and unloading through left/right cassettes or storage levels, and is commonly used in cell culture, live-cell assays, and automated biological workflows.",å¾®å­”æ¿è‡ªåŠ¨åŸ¹å…»å­˜å‚¨ç³»ç»Ÿ,å®žéªŒæ‰§è¡Œ&åˆæˆè®¾å¤‡|å™¨ä»¶/ç»†èƒžè®¾å¤‡|ç”Ÿå‘½ä½“ç³»|å®žéªŒå®¤è‡ªåŠ¨åŒ–ä¸Žä»ªå™¨é›†æˆ|ç»†èƒžç”Ÿç‰©å­¦ç ”ç©¶|å¾®å­”æ¿æ ·å“å­µè‚²ä¸Žæ··åŒ€|å¾®å­”æ¿è‡ªåŠ¨åŸ¹å…»å­˜å‚¨ç³»ç»Ÿ
INHECOå †å å¼å­µè‚²æŒ¯è¡å™¨,INHECO Incubator Shaker Stack,inheco_incubator_shaker_stack_backend,inheco_incubator_shaker_stack_backend,70,137,auto-close|auto-delete_counter|auto-get_temperature|auto-initialize|auto-is_shaking_enabled|auto-is_temperature_control_enabled|auto-number_of_connected_units|auto-open|auto-perform_self_test|auto-read_whole_shaker_calibration_data|auto-request_calibration_high|auto-request_calibration_low|auto-request_delta_temperature|auto-request_drawer_cycles_performed|auto-request_drawer_status|auto-request_firmware_version|auto-request_incubator_type|auto-request_is_initialized|auto-request_labware_detection_threshold|auto-request_last_calibration_date|auto-request_machine_allocation|auto-request_maximum_allowed_temperature|auto-request_motor_current_limit_anticlockwise|auto-request_motor_current_limit_clockwise|auto-request_motor_power_anticlockwise|auto-request_motor_power_clockwise|auto-request_number_of_connected_machines|auto-request_operation_time_in_hours|auto-request_pid_controller_coefficients|auto-request_plate_in_incubator|auto-request_plate_status_known|auto-request_proportionality_factor|auto-request_serial_number|auto-request_shaker_amplitude_x|auto-request_shaker_amplitude_y|auto-request_shaker_calibration_value|auto-request_shaker_frequency_x|auto-request_shaker_frequency_y|auto-request_shaker_phase_shift|auto-request_target_temperature|auto-request_thermal_calibration_date|auto-request_whole_calibration_data|auto-reset_calibration_data|auto-send_command|auto-set_boost_offset|auto-set_boost_time|auto-set_calibration_high|auto-set_calibration_low|auto-set_cooldown_time_factor|auto-set_heatup_offset|auto-set_heatup_time_factor|auto-set_max_allowed_device_temperature|auto-set_motor_current_limit_anticlockwise|auto-set_motor_current_limit_clockwise|auto-set_motor_power_anticlockwise|auto-set_motor_power_clockwise|auto-set_pid_integration_value|auto-set_pid_proportional_gain|auto-set_proportionality_factor|auto-set_shaker_calibration_value|auto-set_shaker_parameters|auto-set_shaker_pattern|auto-set_shaker_status|auto-setup|auto-shake|auto-start_temperature_control|auto-stop|auto-stop_shaking|auto-stop_temperature_control|auto-wait_for_temperature,è¿™æ˜¯ä¸€ç§å¯å †å çš„å®žéªŒå®¤å­µè‚²æŒ¯è¡è®¾å¤‡ï¼Œç”¨äºŽå¾®å­”æ¿ç­‰æ ·å“è½½å…·çš„æŽ§æ¸©å­µè‚²ä¸ŽæŒ¯è¡æ··åŒ€ã€‚è®¾å¤‡å…·æœ‰è£…è½½æŠ½å±‰æˆ–æ‰˜ç›˜ã€æ¸©åº¦æŽ§åˆ¶å’ŒäºŒç»´æŒ¯è¡åŠŸèƒ½ï¼Œé€‚ç”¨äºŽç»†èƒžåŸ¹å…»ã€æ ·å“å­µè‚²ã€ååº”æ··åŒ€åŠè‡ªåŠ¨åŒ–å·¥ä½œç«™ä¸­çš„æ¿å¼å¤„ç†æµç¨‹ã€‚,"A stackable laboratory incubator shaker for temperature-controlled incubation and shaking of microplates and similar sample carriers. It includes a loading drawer or tray, temperature regulation, and two-axis shaking, and is used for cell culture, sample incubation, reaction mixing, and plate-based workflows in automated lab systems.",å¾®å­”æ¿æ’æ¸©æŒ¯è¡å™¨,å®žéªŒæ‰§è¡Œ&åˆæˆè®¾å¤‡|å™¨ä»¶/ç»†èƒžè®¾å¤‡|ç”Ÿå‘½ä½“ç³»|å®žéªŒå®¤è‡ªåŠ¨åŒ–ä¸Žä»ªå™¨é›†æˆ|ç»†èƒžç”Ÿç‰©å­¦ç ”ç©¶|å¾®å­”æ¿æ ·å“å­µè‚²ä¸Žæ··åŒ€|å¾®å­”æ¿æ’æ¸©æŒ¯è¡å™¨
INHECOåŸ¹å…»æŒ¯è¡å•å…ƒ,INHECO incubator shaker unit,inheco_incubator_shaker_unit,inheco_incubator_shaker_unit,68,137,auto-close|auto-delete_counter|auto-get_temperature|auto-initialize|auto-is_shaking_enabled|auto-is_temperature_control_enabled|auto-number_of_connected_units|auto-open|auto-perform_self_test|auto-read_whole_shaker_calibration_data|auto-request_calibration_high|auto-request_calibration_low|auto-request_delta_temperature|auto-request_drawer_cycles_performed|auto-request_drawer_status|auto-request_firmware_version|auto-request_incubator_type|auto-request_is_initialized|auto-request_labware_detection_threshold|auto-request_last_calibration_date|auto-request_machine_allocation|auto-request_maximum_allowed_temperature|auto-request_motor_current_limit_anticlockwise|auto-request_motor_current_limit_clockwise|auto-request_motor_power_anticlockwise|auto-request_motor_power_clockwise|auto-request_number_of_connected_machines|auto-request_operation_time_in_hours|auto-request_pid_controller_coefficients|auto-request_plate_in_incubator|auto-request_plate_status_known|auto-request_proportionality_factor|auto-request_serial_number|auto-request_shaker_amplitude_x|auto-request_shaker_amplitude_y|auto-request_shaker_calibration_value|auto-request_shaker_frequency_x|auto-request_shaker_frequency_y|auto-request_shaker_phase_shift|auto-request_target_temperature|auto-request_thermal_calibration_date|auto-request_whole_calibration_data|auto-reset_calibration_data|auto-send_command|auto-set_boost_offset|auto-set_boost_time|auto-set_calibration_high|auto-set_calibration_low|auto-set_cooldown_time_factor|auto-set_heatup_offset|auto-set_heatup_time_factor|auto-set_max_allowed_device_temperature|auto-set_motor_current_limit_anticlockwise|auto-set_motor_current_limit_clockwise|auto-set_motor_power_anticlockwise|auto-set_motor_power_clockwise|auto-set_pid_integration_value|auto-set_pid_proportional_gain|auto-set_proportionality_factor|auto-set_shaker_calibration_value|auto-set_shaker_parameters|auto-set_shaker_pattern|auto-set_shaker_status|auto-shake|auto-start_temperature_control|auto-stop_shaking|auto-stop_temperature_control|auto-wait_for_temperature,ä¸€ç§ç”¨äºŽå¾®å­”æ¿ç­‰å®žéªŒè€—æçš„åŸ¹å…»æŒ¯è¡æ¨¡å—ï¼Œé›†æˆåŠ çƒ­æŽ§æ¸©ã€å¹³é¢æŒ¯è¡ä»¥åŠæŠ½å±‰å¼è£…è½½æœºæž„ï¼Œå¯ä½œä¸ºå †å ç³»ç»Ÿä¸­çš„å•ä¸ªå•å…ƒä½¿ç”¨ï¼Œå¸¸ç”¨äºŽæ ·å“å­µè‚²ã€æ··åŒ€å’Œæ¸©æŽ§å¤„ç†ã€‚,"A microplate incubator-shaker module with heating, temperature control, planar shaking, and a drawer-based loading mechanism. It is used as an individual unit in a stacked system for sample incubation, mixing, and temperature-controlled processing.",çƒ­æ··åŒ€ä»ª,å®žéªŒæ‰§è¡Œ&åˆæˆè®¾å¤‡|ç”Ÿå‘½ä½“ç³»|å®žéªŒå®¤è‡ªåŠ¨åŒ–ä¸Žä»ªå™¨é›†æˆ|å¾®å­”æ¿æ ·å“å­µè‚²ä¸Žæ··åŒ€|çƒ­æ··åŒ€ä»ª
INHECO Thermoshake ACæ’æ¸©æŒ¯è¡å™¨,INHECO Thermoshake AC heater-shaker,inheco_thermoshake_backend,inheco_thermoshake_backend,8,16,auto-lock_plate|auto-set_shaker_shape|auto-set_shaker_speed|auto-shake|auto-start_shaking|auto-stop_shaking|auto-supports_locking|auto-unlock_plate,è¿™æ˜¯ä¸€ç§å®žéªŒå®¤æ’æ¸©æŒ¯è¡å™¨ï¼Œç”¨äºŽå¯¹æ ·å“æ¿ç­‰å®¹å™¨è¿›è¡ŒåŠ çƒ­ä¸ŽæŒ¯è¡æ··åŒ€ã€‚è®¾å¤‡å¯è®¾ç½®æŒ¯è¡è½¬é€Ÿå’ŒæŒ¯è¡è½¨è¿¹ï¼Œéƒ¨åˆ†æ“ä½œè¿˜åŒ…æ‹¬æ ·å“æ¿é”å®š/è§£é”ï¼Œå¸¸ç”¨äºŽæ ·å“å­µè‚²ã€æ··åŒ€åŠæ¸©æŽ§å¤„ç†ã€‚,"This is a laboratory heater-shaker used to heat and shake sample plates and similar labware for mixing. It supports setting shaking speed and motion pattern, and some operations include plate locking/unlocking, making it suitable for incubation, mixing, and temperature-controlled sample handling.",çƒ­æ··åŒ€ä»ª,å®žéªŒæ‰§è¡Œ&åˆæˆè®¾å¤‡|ç”Ÿå‘½ä½“ç³»|å®žéªŒå®¤è‡ªåŠ¨åŒ–ä¸Žä»ªå™¨é›†æˆ|å¾®å­”æ¿æ ·å“å­µè‚²ä¸Žæ··åŒ€|çƒ­æ··åŒ€ä»ª
å¥¥æž—å·´æ–¯ IX2 å€’ç½®æ˜¾å¾®é•œæœºèº«,Olympus IX2 inverted microscope body,ix2,ix2,8,22,auto-idn|auto-init_origin|auto-lamp_status|auto-move_relative|auto-movement_status|auto-query|auto-soft_limits|auto-z,å¥¥æž—å·´æ–¯ IX2 æ˜¯å®žéªŒå®¤ç”¨å€’ç½®æ˜¾å¾®é•œæœºèº«ï¼Œç”¨äºŽæ‰¿è½½ç‰©é•œã€ç…§æ˜Žä¸Žè°ƒç„¦æœºæž„ï¼Œå¹¶å¯¹æ ·å“è¿›è¡Œæ˜¾å¾®è§‚å¯Ÿã€‚è¯¥ç±»è®¾å¤‡å¸¸ç”¨äºŽç»†èƒžåŸ¹å…»ã€æ´»ä½“æ ·å“è§‚å¯Ÿã€è§å…‰æˆåƒåŠå¸¸è§„ç”Ÿç‰©æ˜¾å¾®å®žéªŒä¸­çš„ Z è½´è°ƒç„¦å’Œæœºèº«çŠ¶æ€æŽ§åˆ¶ã€‚,"The Olympus IX2 is an inverted microscope body used in laboratories to support the objective turret, illumination, and focusing mechanisms for microscopic sample observation. It is commonly used for cell culture work, live-sample observation, fluorescence imaging, and general biological microscopy involving Z-axis focusing and microscope body status control.",æ™®é€šå…‰å­¦æ˜¾å¾®é•œ,è¡¨å¾è®¾å¤‡|ç”Ÿå‘½ä½“ç³»|æ˜¾å¾®æˆåƒä¸Žå…‰å­¦æ˜¾å¾®å®žéªŒ|ç»†èƒžç”Ÿç‰©å­¦ç ”ç©¶|æ™®é€šå…‰å­¦æ˜¾å¾®é•œ
Tecan Freedom EVO è‡ªåŠ¨åŒ–æ¶²ä½“å¤„ç†å·¥ä½œç«™,Tecan Freedom EVO automated liquid handling workstation,li_ha,li_ha,59,88,auto-action_move_vector_coordinate_position|auto-aspirate|auto-aspirate96|auto-can_pick_up_tip|auto-discard_disposable_tip_high|auto-dispense|auto-dispense96|auto-drop_resource|auto-drop_tips|auto-drop_tips96|auto-get_disposable_tip|auto-grip_plate|auto-initialize_plunger|auto-liha_connected|auto-mca_connected|auto-move_absolute_z|auto-move_detect_liquid|auto-move_picked_up_resource|auto-move_plunger_relative|auto-move_tracking_relative|auto-num_channels|auto-parse_response|auto-pick_up_resource|auto-pick_up_tips|auto-pick_up_tips96|auto-pnp_connected|auto-position_absolute_all_axis|auto-position_absolute_g|auto-position_initialization_x|auto-position_valve_logical|auto-report_g_param|auto-report_number_tips|auto-report_r_param|auto-report_x_param|auto-report_y_param|auto-report_z_param|auto-roma_connected|auto-send_command|auto-serialize|auto-set_detection_mode|auto-set_end_speed_plunger|auto-set_fast_speed_r|auto-set_fast_speed_x|auto-set_fast_speed_y|auto-set_fast_speed_z|auto-set_gripper_params|auto-set_search_retract_distance|auto-set_search_speed|auto-set_search_submerge|auto-set_search_z_max|auto-set_search_z_start|auto-set_slow_speed_z|auto-set_smooth_move_x|auto-set_stop_speed_plunger|auto-set_target_window_class|auto-set_tracking_distance_z|auto-set_vector_coordinate_position|auto-set_z_travel_height|auto-setup_arm,ä¸€æ¬¾ç”¨äºŽå®žéªŒå®¤è‡ªåŠ¨ç§»æ¶²ä¸Žæ¿ä»¶æ¬è¿çš„å°å¼è‡ªåŠ¨åŒ–å·¥ä½œç«™ï¼Œé€šå¸¸é…å¤‡å¤šé€šé“ LiHa æ¶²ä½“å¤„ç†è‡‚ï¼Œå¯å®Œæˆå¸æ¶²ã€åˆ†æ¶²ã€æ¶²é¢æŽ¢æµ‹ã€ä¸€æ¬¡æ€§å¸å¤´è£…å¸åŠå¤šè½´å®šä½ï¼Œå¹¶å¯ç»“åˆ 96 é€šé“æˆ–æ¿æ¬è¿æ¨¡å—æ‰§è¡Œæ ·å“åˆ¶å¤‡ã€å¾®å­”æ¿åŠ æ ·å’Œé«˜é€šé‡å®žéªŒæµç¨‹ã€‚,"A benchtop automated liquid handling workstation for laboratory pipetting and plate movement. It typically includes a multichannel LiHa liquid handling arm for aspirating, dispensing, liquid level detection, disposable tip handling, and multi-axis positioning, and may work with 96-channel or plate-handling modules for sample preparation, microplate filling, and high-throughput workflows.",ç§»æ¶²å·¥ä½œç«™,å¤‡æ–™&å‰å¤„ç†è®¾å¤‡|å®žéªŒæ‰§è¡Œ&åˆæˆè®¾å¤‡|ç”Ÿå‘½ä½“ç³»|å®žéªŒå®¤è‡ªåŠ¨åŒ–ä¸Žä»ªå™¨é›†æˆ|ç§»æ¶²ç«™äº§å“|ç§»æ¶²å·¥ä½œç«™
Tecanè‡ªåŠ¨æ¶²ä½“å¤„ç†å·¥ä½œç«™,Tecan automated liquid handling workstation,liquid_classes,liquid_classes,58,139,auto-actions|auto-add|auto-add_labware|auto-add_new_labware|auto-add_type|auto-autoselect|auto-clearSelection|auto-create|auto-create_labware|auto-create_series|auto-fill|auto-find_free_wells|auto-find_new_tips|auto-get_DITI_series|auto-get_current_labware|auto-get_labware|auto-grid_carrier_line|auto-init_wells|auto-log|auto-moveParallel|auto-newOffset|auto-newPosition|auto-offset|auto-offsetAtParallelMove|auto-offsetFromName|auto-parallelOrder|auto-parse_file|auto-parse_worktable_file|auto-pick_up|auto-posAtParallelMove|auto-position|auto-put|auto-reagent|auto-refill_next_rack|auto-remove|auto-replace_with_new|auto-retire_labware|auto-retire_new_tips|auto-select|auto-selectAll|auto-selectOnly|auto-selected|auto-selected_wells|auto-set_DITI_counter|auto-set_back|auto-set_current|auto-set_current_next_to|auto-set_def_DiTi|auto-set_first_pos|auto-set_next|auto-show_next|auto-show_next_to|auto-size|auto-to_name|auto-vol|auto-waste|auto-wellSelectionStr|auto-write,è¿™æ˜¯ä¸€ç±»ç”¨äºŽå®žéªŒå®¤è‡ªåŠ¨ç§»æ¶²å’Œæ ·å“å¤„ç†çš„æ¶²ä½“å¤„ç†å·¥ä½œç«™ã€‚è®¾å¤‡åœ¨å·¥ä½œå°ç”²æ¿ä¸Šæ”¾ç½®è½½æž¶ã€å­”æ¿ã€è¯•å‰‚æ§½ã€æ¯”è‰²çš¿ã€ç£åŠ›æ¨¡å—å’Œä¸€æ¬¡æ€§å¸å¤´æž¶ï¼Œå¹¶é€šè¿‡è‡ªåŠ¨å¸æ¶²ã€åˆ†æ¶²ã€æ¢å¤´å’ŒåºŸå¼ƒå¤„ç†å®Œæˆæ ·å“åˆ¶å¤‡ã€è¯•å‰‚åˆ†è£…ã€PCRä½“ç³»æž„å»ºç­‰æµç¨‹ã€‚,"This is an automated liquid handling workstation used for laboratory pipetting and sample processing. The instrument arranges carriers, microplates, reagent troughs, cuvettes, magnetic modules, and disposable tip racks on a deck, and performs aspiration, dispensing, tip changes, and waste handling for tasks such as sample preparation, reagent distribution, and PCR setup.",ç§»æ¶²å·¥ä½œç«™,å¤‡æ–™&å‰å¤„ç†è®¾å¤‡|å®žéªŒæ‰§è¡Œ&åˆæˆè®¾å¤‡|ç”Ÿå‘½ä½“ç³»|æº¶æ¶²é…åˆ¶ä¸Žååº”|ç§»æ¶²ç«™äº§å“|ç§»æ¶²å·¥ä½œç«™
Molecular Devices å¤šåŠŸèƒ½é…¶æ ‡ä»ª,Molecular Devices Multimode Microplate Reader,molecular_devices_backend,molecular_devices_backend,19,50,auto-clear_error_log|auto-close|auto-get_firmware_version|auto-get_status|auto-get_temperature|auto-open|auto-read_absorbance|auto-read_error_log|auto-read_fluorescence|auto-read_fluorescence_polarization|auto-read_luminescence|auto-read_time_resolved_fluorescence|auto-send_command|auto-serialize|auto-set_temperature|auto-setup|auto-start_shake|auto-stop|auto-stop_shake,è¿™æ˜¯ä¸€ç§ç”¨äºŽè¯»å–å¾®å­”æ¿æ ·å“ä¿¡å·çš„å¤šåŠŸèƒ½é…¶æ ‡ä»ªï¼Œå¯è¿›è¡Œå¸å…‰åº¦ã€è§å…‰ã€åŒ–å­¦å‘å…‰ã€è§å…‰åæŒ¯å’Œæ—¶é—´åˆ†è¾¨è§å…‰æ£€æµ‹ã€‚è®¾å¤‡é€šå¸¸ç”¨äºŽç”ŸåŒ–åˆ†æžã€ç»†èƒžå®žéªŒã€å…ç–«æ£€æµ‹ã€é…¶æ´»æ€§æµ‹å®šå’Œé«˜é€šé‡ç­›é€‰ï¼Œå¹¶æ”¯æŒæŽ§æ¸©ä¸ŽæŒ¯è¡ç­‰æ¿ä¸Šå®žéªŒæ¡ä»¶æŽ§åˆ¶ã€‚,"A multimode microplate reader used to measure signals from samples in microplates. It supports absorbance, fluorescence, luminescence, fluorescence polarization, and time-resolved fluorescence measurements. The instrument is commonly used for biochemical assays, cell-based experiments, immunoassays, enzyme activity measurements, and high-throughput screening, with support for temperature control and plate shaking.",é…¶æ ‡ä»ª,è¡¨å¾è®¾å¤‡|å™¨ä»¶/ç»†èƒžè®¾å¤‡|ç”Ÿå‘½ä½“ç³»|ç»†èƒžç”Ÿç‰©å­¦ç ”ç©¶|å¾®å­”æ¿æ£€æµ‹ä¸Žé«˜é€šé‡ç­›é€‰|å¾®å­”æ¿æ ·å“å­µè‚²ä¸Žæ··åŒ€|é…¶æ ‡ä»ª
OpenBCIç”Ÿç‰©ç”µé‡‡é›†æ¿,OpenBCI biosensing board,open_bci_board,open_bci_board,20,31,auto-check_connection|auto-disable_filters|auto-disconnect|auto-enable_filters|auto-find_port|auto-getNbAUXChannels|auto-getNbEEGChannels|auto-getSampleRate|auto-openbci_id|auto-print_bytes_in|auto-print_incoming_text|auto-print_packets_in|auto-print_register_settings|auto-reconnect|auto-run|auto-set_channel|auto-start_streaming|auto-stop|auto-test_signal|auto-warn,è¿™æ˜¯ä¸€ç§å¤šé€šé“å¼€æºç”Ÿç‰©ç”µä¿¡å·é‡‡é›†æ¿ï¼Œä¸»è¦ç”¨äºŽé‡‡é›†è„‘ç”µä¿¡å·ï¼Œå¹¶å¯æä¾›è¾…åŠ©é€šé“è¾“å…¥ã€‚è®¾å¤‡å¯é€šè¿‡æ‰©å±•æ¨¡å—å¢žåŠ é€šé“æ•°ï¼Œé€‚åˆç”¨äºŽè„‘æœºæŽ¥å£å®žéªŒã€ç¥žç»ä¿¡å·è®°å½•ã€æ•™å­¦æ¼”ç¤ºä»¥åŠä¸€èˆ¬ç”Ÿç†ç”µä¿¡å·é‡‡é›†ã€‚,"This is a multi-channel open-source biosensing board mainly used to acquire EEG signals, with additional auxiliary input channels. It can expand channel count with a daisy module and is commonly used for brain-computer interface experiments, neural signal recording, teaching, and general physiological signal acquisition.",æ¨¡æ‹Ÿè¾“å…¥æ•°æ®é‡‡é›†æ¨¡å—|ç”Ÿç‰©ç”µä¿¡å·é‡‡é›†æ¿,è¡¨å¾è®¾å¤‡|ç”Ÿå‘½ä½“ç³»|ä¼ æ„Ÿæµ‹é‡ä¸ŽçŽ¯å¢ƒæ„ŸçŸ¥|æ¨¡æ‹Ÿè¾“å…¥æ•°æ®é‡‡é›†æ¨¡å—|è„‘æœºæŽ¥å£ä¸Žç”Ÿç†ç”µä¿¡å·é‡‡é›†|ç”Ÿç‰©ç”µä¿¡å·é‡‡é›†æ¿
Opentrons æ¸©åº¦æ¨¡å—,Opentrons Temperature Module,opentrons_temperature_module_usb_backend,opentrons_temperature_module_usb_backend,6,16,auto-deactivate|auto-get_current_temperature|auto-serial|auto-serialize|auto-set_temperature|auto-supports_active_cooling,Opentrons æ¸©åº¦æ¨¡å—æ˜¯ä¸€ç§ç”¨äºŽå®žéªŒå®¤è‡ªåŠ¨åŒ–å¹³å°çš„æ¸©æŽ§é™„ä»¶ï¼Œå¯å¯¹æ ·å“æ¿æˆ–å…¶ä»–å°åž‹å®žéªŒå®¹å™¨è¿›è¡ŒåŠ çƒ­æˆ–å†·å´å¹¶ç»´æŒè®¾å®šæ¸©åº¦ï¼Œå¸¸ç”¨äºŽæ ·å“å­µè‚²ã€è¯•å‰‚ä¿å†·åŠæ¸©åº¦æ•æ„Ÿå®žéªŒæµç¨‹ã€‚,"The Opentrons Temperature Module is a temperature-control accessory for laboratory automation platforms. It heats or cools microplates or other small lab containers and maintains a set temperature for sample incubation, reagent cooling, and other temperature-sensitive workflows.",å¾®å­”æ¿æ¸©æŽ§æ¨¡å—,å¤‡æ–™&å‰å¤„ç†è®¾å¤‡|å®žéªŒæ‰§è¡Œ&åˆæˆè®¾å¤‡|ç”Ÿå‘½ä½“ç³»|å®žéªŒå®¤è‡ªåŠ¨åŒ–ä¸Žä»ªå™¨é›†æˆ|å¤–æŽ¥è®¾å¤‡æ’æ¸©æŽ§åˆ¶|å¾®å­”æ¿æ ·å“å­µè‚²ä¸Žæ··åŒ€|å¾®å­”æ¿æ¸©æŽ§æ¨¡å—
Opentrons PCRçƒ­å¾ªçŽ¯ä»ª,Opentrons Thermocycler,opentrons_thermocycler_backend,opentrons_thermocycler_backend,20,30,auto-close_lid|auto-deactivate_block|auto-deactivate_lid|auto-get_block_current_temperature|auto-get_block_status|auto-get_block_target_temperature|auto-get_current_cycle_index|auto-get_current_step_index|auto-get_hold_time|auto-get_lid_current_temperature|auto-get_lid_open|auto-get_lid_status|auto-get_lid_target_temperature|auto-get_total_cycle_count|auto-get_total_step_count|auto-open_lid|auto-run_protocol|auto-serialize|auto-set_block_temperature|auto-set_lid_temperature,ç”¨äºŽPCRç­‰çƒ­å¾ªçŽ¯å®žéªŒçš„å°å¼çƒ­å¾ªçŽ¯ä»ªæ¨¡å—ï¼Œé…æœ‰å¯å¼€åˆçš„åŠ çƒ­ç›–å’Œå¯ç²¾ç¡®æŽ§æ¸©çš„æ ·å“å—ï¼Œå¯æŒ‰é¢„è®¾ç¨‹åºæ‰§è¡Œå¤šæ­¥å‡é™æ¸©å¾ªçŽ¯ã€‚å¸¸ç”¨äºŽDNAæ‰©å¢žã€é…¶ååº”å­µè‚²å’Œåˆ†å­ç”Ÿç‰©å­¦æ ·å“çƒ­å¤„ç†ã€‚,"A benchtop thermocycler module for PCR and other thermal cycling workflows, featuring an openable heated lid and a temperature-controlled sample block. It runs programmed multi-step temperature profiles for DNA amplification, enzymatic incubations, and molecular biology sample heating.",æ™®é€šPCRä»ª,å®žéªŒæ‰§è¡Œ&åˆæˆè®¾å¤‡|ç”Ÿå‘½ä½“ç³»|å®žéªŒå®¤è‡ªåŠ¨åŒ–ä¸Žä»ªå™¨é›†æˆ|åŸºå› ç¼–è¾‘ã€åˆ†å­ç”Ÿç‰©å­¦ä¸Žè‚²ç§|æ™®é€šPCRä»ª
Opentrons GEN-1/GEN-2 PCRçƒ­å¾ªçŽ¯ä»ª,Opentrons GEN-1/GEN-2 Thermocycler,opentrons_thermocycler_usb_backend,opentrons_thermocycler_usb_backend,25,39,auto-close_lid|auto-deactivate_block|auto-deactivate_lid|auto-get_block_current_temperature|auto-get_block_status|auto-get_block_target_temperature|auto-get_current_cycle_index|auto-get_current_step_index|auto-get_device_info|auto-get_hold_time|auto-get_lid_current_temperature|auto-get_lid_open|auto-get_lid_status|auto-get_lid_target_temperature|auto-get_total_cycle_count|auto-get_total_step_count|auto-jog_lid|auto-lift_plate|auto-open_lid|auto-run_protocol|auto-set_block_temperature|auto-set_lid_temperature|auto-set_ramp_rate|auto-setup|auto-stop,ä¸€æ¬¾ç”¨äºŽPCRæ‰©å¢žçš„å®žéªŒå®¤çƒ­å¾ªçŽ¯ä»ªï¼Œé…æœ‰å¯ç²¾ç¡®æŽ§æ¸©çš„æ ·å“å—å’ŒåŠ çƒ­ä¸Šç›–ï¼Œå¯å¯¹PCRæ¿ä¸­çš„æ ·å“æ‰§è¡Œå˜æ€§ã€é€€ç«å’Œå»¶ä¼¸ç­‰æ¸©åº¦å¾ªçŽ¯æ­¥éª¤ï¼Œé€‚ç”¨äºŽè‡ªåŠ¨åŒ–åˆ†å­ç”Ÿç‰©å­¦å®žéªŒæµç¨‹ã€‚,"A laboratory thermocycler for PCR amplification, featuring a precisely controlled sample block and a heated lid. It performs denaturation, annealing, and extension temperature cycles on PCR plates and is suited for automated molecular biology workflows.",æ™®é€šPCRä»ª,å®žéªŒæ‰§è¡Œ&åˆæˆè®¾å¤‡|ç”Ÿå‘½ä½“ç³»|å®žéªŒå®¤è‡ªåŠ¨åŒ–ä¸Žä»ªå™¨é›†æˆ|åŸºå› ç¼–è¾‘ã€åˆ†å­ç”Ÿç‰©å­¦ä¸Žè‚²ç§|æ™®é€šPCRä»ª
å¾®å­”æ¿æ­è†œæœº,Microplate Peeler,peeler,peeler,2,9,auto-peel|auto-restart,ç”¨äºŽè‡ªåŠ¨å‰¥ç¦»å¾®å­”æ¿é¡¶éƒ¨å°è†œæˆ–ç²˜æ€§å°æ¿è†œçš„å®žéªŒå®¤è®¾å¤‡ï¼Œå¸¸ç”¨äºŽæ ·å“å¤„ç†å’Œè‡ªåŠ¨åŒ–å·¥ä½œæµä¸­ï¼Œåœ¨åŽç»­ç§»æ¶²ã€è¯»æ¿æˆ–åˆ†æžå‰æ‰“å¼€å¾®å­”æ¿ã€‚,"A laboratory device used to automatically remove sealing films or adhesive seals from microplates. It is commonly used in sample-processing and automated workflows to open plates before pipetting, plate reading, or analysis.",æ’•è†œä»ª,å¤‡æ–™&å‰å¤„ç†è®¾å¤‡|ç”Ÿå‘½ä½“ç³»|å®žéªŒå®¤è‡ªåŠ¨åŒ–ä¸Žä»ªå™¨é›†æˆ|ç§»æ¶²ç«™äº§å“|æ’•è†œä»ª|å¾®å­”æ¿æ­è†œä¸Žå¼€æ¿
å¤šåŠŸèƒ½é…¶æ ‡ä»ª,Microplate Reader,plate_reader,plate_reader,8,15,auto-assign_child_resource|auto-close|auto-get_plate|auto-open|auto-read_absorbance|auto-read_fluorescence|auto-read_luminescence|auto-serialize,ç”¨äºŽè¯»å–å¾®å­”æ¿ä¸­å„å­”çš„å¸å…‰åº¦ã€è§å…‰å’Œå‘å…‰ä¿¡å·çš„å®žéªŒä»ªå™¨ï¼Œå¸¸ç”¨äºŽç”ŸåŒ–åˆ†æžã€ç»†èƒžå®žéªŒå’Œæ¿å¼æ£€æµ‹æµç¨‹ã€‚,"An instrument used to read absorbance, fluorescence, and luminescence signals from wells in a microplate, commonly used for biochemical assays, cell-based experiments, and plate-based analytical workflows.",é…¶æ ‡ä»ª,è¡¨å¾è®¾å¤‡|ç”Ÿå‘½ä½“ç³»|æ™ºæ…§è¡¨å¾ä¸Žæ£€æµ‹ä¸­å¿ƒ|å¾®å­”æ¿æ£€æµ‹ä¸Žé«˜é€šé‡ç­›é€‰|ç»†èƒžç”Ÿç‰©å­¦ç ”ç©¶|é…¶æ ‡ä»ª
PTC PCRçƒ­å¾ªçŽ¯ä»ª,PTC PCR Thermal Cycler,ptc,ptc,19,29,auto-cancel|auto-clearbesr|auto-close|auto-erase|auto-execute|auto-folders|auto-geterrors|auto-getlidstatus|auto-getstatus|auto-gettemp|auto-lidclose|auto-lidopen|auto-program|auto-programs|auto-run|auto-setdebug|auto-setlidforce|auto-update|auto-version,ç”¨äºŽPCRæ¸©åº¦å¾ªçŽ¯å®žéªŒçš„çƒ­å¾ªçŽ¯ä»ªï¼Œå¯è¯»å–æ¸©åº¦ä¸Žè¿è¡ŒçŠ¶æ€ï¼ŒæŽ§åˆ¶çƒ­ç›–å¼€åˆä¸ŽåŽ‹åŠ›ï¼Œå¹¶ç®¡ç†ã€è¿è¡Œå’Œåˆ é™¤ä»ªå™¨ä¸­çš„ç¨‹åºã€‚,"A PCR thermal cycler used for temperature cycling experiments. It can report temperature and run status, control heated-lid open/close and lid force, and manage, run, and delete onboard programs.",æ™®é€šPCRä»ª,å®žéªŒæ‰§è¡Œ&åˆæˆè®¾å¤‡|ç”Ÿå‘½ä½“ç³»|åŸºå› ç¼–è¾‘ã€åˆ†å­ç”Ÿç‰©å­¦ä¸Žè‚²ç§|æ™®é€šPCRä»ª
SCILAæŠ½å±‰å¼åŸ¹å…»å­˜å‚¨è£…ç½®,SCILA drawer-based incubation/storage unit,scila_backend,scila_backend,14,29,auto-deserialize|auto-is_temperature_control_enabled|auto-measure_temperature|auto-request_co2_flow_status|auto-request_drawer_status|auto-request_drawer_statuses|auto-request_liquid_level|auto-request_status|auto-request_target_temperature|auto-request_temperature_information|auto-request_valve_status|auto-serialize|auto-start_temperature_control|auto-stop_temperature_control,ä¸€ç§å¸¦æŠ½å±‰è®¿é—®çš„å®žéªŒå®¤çŽ¯å¢ƒæŽ§åˆ¶è£…ç½®ï¼Œå¯ç”¨äºŽæ ·å“æˆ–å¾®å­”æ¿çš„åŸ¹å…»æˆ–å—æŽ§å­˜å‚¨ã€‚è¯¥è®¾å¤‡æ”¯æŒæ¸©åº¦æŽ§åˆ¶ï¼Œå¹¶å¯æŸ¥è¯¢æ¶²ä½ã€æ¸©åº¦ã€COâ‚‚æµé‡ã€é˜€é—¨ä»¥åŠæŠ½å±‰çŠ¶æ€ã€‚,"A drawer-based laboratory environmental control unit for incubating or storing samples or microplates under controlled conditions. It supports temperature control and can report liquid level, temperature, CO2 flow, valve status, and drawer status.",å¾®å­”æ¿è‡ªåŠ¨åŸ¹å…»å­˜å‚¨ç³»ç»Ÿ|æ°”å€™ç®±,å™¨ä»¶/ç»†èƒžè®¾å¤‡|ç”Ÿå‘½ä½“ç³»|çŽ¯å¢ƒæŽ§åˆ¶ä¸Žç¨³å®šæ€§æµ‹è¯•|ç»†èƒžç”Ÿç‰©å­¦ç ”ç©¶|æ°”å€™ç®±åŸ¹å…»ä¸Žç¨³å®šæ€§è¯•éªŒ|å¾®å­”æ¿è‡ªåŠ¨åŸ¹å…»å­˜å‚¨ç³»ç»Ÿ|æ°”å€™ç®±
å¾®å­”æ¿å°è†œæœº,Microplate Sealer,sealer,sealer,5,12,auto-close|auto-get_temperature|auto-open|auto-seal|auto-set_temperature,ç”¨äºŽå®žéªŒå®¤è‡ªåŠ¨åŒ–ä¸­å¯¹å¾®å­”æ¿è¿›è¡Œå°è†œçš„è®¾å¤‡ï¼Œå¯æ‰§è¡Œå°è†œã€å¼€åˆæœºæž„æŽ§åˆ¶ï¼Œä»¥åŠæ¸©åº¦è®¾ç½®ä¸Žè¯»å–ã€‚,"A laboratory automation device for sealing microplates. It supports sealing, opening and closing the mechanism, and setting or reading the temperature.",å°è†œä»ª,å®žéªŒæ‰§è¡Œ&åˆæˆè®¾å¤‡|åŽå¤„ç†è®¾å¤‡|ç”Ÿå‘½ä½“ç³»|å®žéªŒå®¤è‡ªåŠ¨åŒ–ä¸Žä»ªå™¨é›†æˆ|ç§»æ¶²ç«™äº§å“|å°è†œä»ª|å¾®å­”æ¿å°è†œä¸Žæ ·å“ä¿æŠ¤
BLEåˆ°LSLæ•°æ®æµç»„ä»¶,BLE-to-LSL Streamer,streamer,streamer,9,37,auto-address|auto-backend|auto-connect|auto-disconnect|auto-make_chunk|auto-send_command|auto-start|auto-stop|auto-subscriptions,è¿™æ˜¯ä¸€ä¸ªéžç‰©ç†çš„è½¯ä»¶ç»„ä»¶ï¼Œç”¨äºŽè¿žæŽ¥è“ç‰™ä½ŽåŠŸè€—ï¼ˆBLEï¼‰è®¾å¤‡ï¼Œè®¢é˜…å…¶é€šçŸ¥æ•°æ®ï¼Œå°†æ”¶åˆ°çš„æ ·æœ¬æ•´ç†ä¸ºæ•°æ®å—å¹¶å‘å¸ƒåˆ° Lab Streaming Layerï¼ˆLSLï¼‰è¾“å‡ºæµä¸­ï¼Œä¾›å®žéªŒä¸­çš„å®žæ—¶é‡‡é›†ã€åŒæ­¥å’Œæ˜¾ç¤ºä½¿ç”¨ã€‚,"This is a non-physical software component that connects to a Bluetooth Low Energy (BLE) device, subscribes to its notifications, organizes incoming samples into chunks, and publishes them to a Lab Streaming Layer (LSL) outlet for real-time acquisition, synchronization, and visualization in experiments.",è“ç‰™æµå¼é‡‡é›†è®¾å¤‡|å®žéªŒæ•°æ®æµä¼ è¾“å™¨,è¡¨å¾è®¾å¤‡|ç”Ÿå‘½ä½“ç³»|å®žéªŒå®¤è‡ªåŠ¨åŒ–ä¸Žä»ªå™¨é›†æˆ|è„‘æœºæŽ¥å£ä¸Žç”Ÿç†ç”µä¿¡å·é‡‡é›†|å®žéªŒä»ªå™¨æ•°æ®é‡‡é›†ä¸Žè”æœºæŽ§åˆ¶|è“ç‰™æµå¼é‡‡é›†è®¾å¤‡|å®žéªŒæ•°æ®æµä¼ è¾“å™¨
OpenBCI ç”Ÿç‰©ç”µé‡‡é›†æ¿ï¼ˆLSLæµè¾“å‡ºï¼‰,OpenBCI biosignal acquisition board with LSL streaming,streamer_lsl,streamer_lsl,10,17,auto-begin|auto-change_locations|auto-cleanUp|auto-create_lsl|auto-init_board_settings|auto-initialize_board|auto-send|auto-set_board_settings|auto-start_streaming|auto-stop_streaming,ç”¨äºŽåˆå§‹åŒ–å’ŒæŽ§åˆ¶ OpenBCI ç”Ÿç‰©ç”µé‡‡é›†æ¿ï¼Œå¹¶å°†é‡‡é›†åˆ°çš„å¤šé€šé“æ•°æ®é€šè¿‡ Lab Streaming Layerï¼ˆLSLï¼‰å‘å¸ƒã€‚ä»£ç è¯æ®æ˜¾ç¤ºå…¶å¯è¿›è¡Œä¸²å£æ¿å¡åˆå§‹åŒ–ã€é»˜è®¤é€šé“é…ç½®ã€èŠèŠ±é“¾æŽ¥å…¥è®¾ç½®ã€å¼€å§‹/åœæ­¢é‡‡é›†ä»¥åŠé€šé“ä½ç½®ä¿¡æ¯ç®¡ç†ï¼Œé€‚åˆè„‘ç”µç­‰ç”Ÿç†ä¿¡å·å®žéªŒçš„æ•°æ®é‡‡é›†ä¸Žå®žæ—¶æµä¼ è¾“ã€‚,"Used to initialize and control an OpenBCI biosignal acquisition board and publish multichannel data through Lab Streaming Layer (LSL). The evidence shows serial board initialization, default channel configuration, daisy-module handling, start/stop acquisition, and channel location metadata management, making it suitable for EEG and related biosignal experiments with real-time streaming.",ç”Ÿç‰©ç”µä¿¡å·é‡‡é›†æ¿|å®žéªŒæ•°æ®æµä¼ è¾“å™¨,è¡¨å¾è®¾å¤‡|ç”Ÿå‘½ä½“ç³»|å®žéªŒå®¤è‡ªåŠ¨åŒ–ä¸Žä»ªå™¨é›†æˆ|è„‘æœºæŽ¥å£ä¸Žç”Ÿç†ç”µä¿¡å·é‡‡é›†|å®žéªŒä»ªå™¨æ•°æ®é‡‡é›†ä¸Žè”æœºæŽ§åˆ¶|ç”Ÿç‰©ç”µä¿¡å·é‡‡é›†æ¿|å®žéªŒæ•°æ®æµä¼ è¾“å™¨
ProFlex PCRçƒ­å¾ªçŽ¯ä»ª,ProFlex PCR Thermocycler,thermo_fisher_thermocycler_backend,thermo_fisher_thermocycler_backend,47,75,auto-abort_run|auto-block_ramp_single_temp|auto-buzzer_off|auto-buzzer_on|auto-check_run_exists|auto-continue_run|auto-create_run|auto-deactivate_block|auto-deactivate_lid|auto-get_block_current_temperature|auto-get_block_id|auto-get_block_presence|auto-get_block_status|auto-get_block_target_temperature|auto-get_current_cycle_index|auto-get_current_step_index|auto-get_elapsed_run_time|auto-get_elapsed_run_time_from_log|auto-get_error|auto-get_estimated_run_time|auto-get_hold_time|auto-get_lid_current_temperature|auto-get_lid_open|auto-get_lid_status|auto-get_lid_target_temperature|auto-get_log_by_runname|auto-get_nickname|auto-get_remaining_run_time|auto-get_run_info|auto-get_run_name|auto-get_sample_temps|auto-get_total_cycle_count|auto-get_total_step_count|auto-is_block_running|auto-num_blocks|auto-power_off|auto-power_on|auto-run_protocol|auto-send_command|auto-send_morse_code|auto-set_block_idle_temp|auto-set_block_temperature|auto-set_cover_idle_temp|auto-set_lid_temperature|auto-set_nickname|auto-setup|auto-stop,ç”¨äºŽPCRçƒ­å¾ªçŽ¯å®žéªŒçš„çƒ­å¾ªçŽ¯ä»ªï¼Œå¯æŽ§åˆ¶ååº”æ¨¡å—ä¸Žçƒ­ç›–æ¸©åº¦ã€è¿è¡Œæˆ–ä¸­æ­¢æ‰©å¢žç¨‹åºï¼Œå¹¶æŸ¥è¯¢è¿è¡ŒçŠ¶æ€ã€æ­¥éª¤ã€æ—¶é—´å’Œæ—¥å¿—ç­‰ä¿¡æ¯ã€‚,"A thermocycler for PCR workflows that controls block and heated-lid temperatures, runs or aborts amplification protocols, and reports run status, steps, timing, and log information.",æ™®é€šPCRä»ª,å®žéªŒæ‰§è¡Œ&åˆæˆè®¾å¤‡|ç”Ÿå‘½ä½“ç³»|åŸºå› ç¼–è¾‘ã€åˆ†å­ç”Ÿç‰©å­¦ä¸Žè‚²ç§|æ™®é€šPCRä»ª
çƒ­å¾ªçŽ¯ä»ª,Thermocycler,thermocycler,thermocycler,25,32,auto-close_lid|auto-deactivate_block|auto-deactivate_lid|auto-get_block_current_temperature|auto-get_block_status|auto-get_block_target_temperature|auto-get_current_cycle_index|auto-get_current_step_index|auto-get_hold_time|auto-get_lid_current_temperature|auto-get_lid_open|auto-get_lid_status|auto-get_lid_target_temperature|auto-get_total_cycle_count|auto-get_total_step_count|auto-is_profile_running|auto-open_lid|auto-run_pcr_profile|auto-run_protocol|auto-serialize|auto-set_block_temperature|auto-set_lid_temperature|auto-wait_for_block|auto-wait_for_lid|auto-wait_for_profile_completion,ç”¨äºŽ PCR ç­‰çƒ­å¾ªçŽ¯å®žéªŒçš„é€šç”¨çƒ­å¾ªçŽ¯ä»ªï¼Œæ”¯æŒåŠ çƒ­å—ä¸Žçƒ­ç›–æ¸©åº¦æŽ§åˆ¶ã€å¼€åˆç›–ã€è¿è¡Œå¤šé˜¶æ®µæ¸©æŽ§ç¨‹åºï¼Œå¹¶æŸ¥è¯¢å½“å‰æ¸©åº¦ã€å¾ªçŽ¯è¿›åº¦ä¸Žè¿è¡ŒçŠ¶æ€ã€‚,"A generic thermocycler for PCR and other thermal cycling workflows. It supports block and heated-lid temperature control, lid open/close operations, execution of multi-stage temperature protocols, and queries of current temperature, cycle progress, and run status.",æ™®é€šPCRä»ª,å®žéªŒæ‰§è¡Œ&åˆæˆè®¾å¤‡|ç”Ÿå‘½ä½“ç³»|åŸºå› ç¼–è¾‘ã€åˆ†å­ç”Ÿç‰©å­¦ä¸Žè‚²ç§|DNAæ–‡åº“æž„å»ºæµ‹åºä¸Žè›‹ç™½è®¾è®¡|æ™®é€šPCRä»ª
çƒ­å¾ªçŽ¯ä»ªæŠ½è±¡æŽ§åˆ¶åŽç«¯,Thermocycler Abstract Backend,thermocycler_backend,thermocycler_backend,19,26,auto-close_lid|auto-deactivate_block|auto-deactivate_lid|auto-get_block_current_temperature|auto-get_block_status|auto-get_block_target_temperature|auto-get_current_cycle_index|auto-get_current_step_index|auto-get_hold_time|auto-get_lid_current_temperature|auto-get_lid_open|auto-get_lid_status|auto-get_lid_target_temperature|auto-get_total_cycle_count|auto-get_total_step_count|auto-open_lid|auto-run_protocol|auto-set_block_temperature|auto-set_lid_temperature,ç”¨äºŽçƒ­å¾ªçŽ¯ä»ªçš„éžç‰©ç†è½¯ä»¶æŠ½è±¡ç»„ä»¶ã€‚å®ƒå®šä¹‰äº†å¼€å…³ç›–ã€è®¾ç½®æ¨¡å—ä¸Žçƒ­ç›–æ¸©åº¦ã€åœç”¨åŠ çƒ­ã€æ‰§è¡Œçƒ­å¾ªçŽ¯åè®®ï¼Œä»¥åŠè¯»å–æ¸©åº¦ã€ç›–çŠ¶æ€ã€æ­¥éª¤ä¸Žå¾ªçŽ¯è¿›åº¦ç­‰ç»Ÿä¸€æŽ§åˆ¶æŽ¥å£ï¼Œä¾›å…·ä½“çƒ­å¾ªçŽ¯ä»ªè®¾å¤‡å®žçŽ°ä½¿ç”¨ã€‚,"A non-physical abstract software component for thermocyclers. It defines a unified control interface for opening and closing the lid, setting block and lid temperatures, deactivating heating, running thermocycling protocols, and reading temperatures, lid state, and protocol progress, to be implemented by concrete thermocycler devices.",æ™®é€šPCRä»ª,å®žéªŒæ‰§è¡Œ&åˆæˆè®¾å¤‡|ç”Ÿå‘½ä½“ç³»|å®žéªŒå®¤è‡ªåŠ¨åŒ–ä¸Žä»ªå™¨é›†æˆ|åŸºå› ç¼–è¾‘ã€åˆ†å­ç”Ÿç‰©å­¦ä¸Žè‚²ç§|å®žéªŒä»ªå™¨é€šä¿¡ä¸Žé©±åŠ¨é›†æˆ|æ™®é€šPCRä»ª
UP20è¶…å£°æŽ¢å¤´,UP20 Ultrasound Probe,up20,up20,37,55,auto-BulkIn|auto-BulkOut|auto-BulkOutFour|auto-BulkOutLarge|auto-BulkOutTwo|auto-BulkOutTwo512|auto-ControlIn|auto-ControlOut|auto-DLImgs|auto-Init1004|auto-InitArrays|auto-InitOn|auto-InitOneA|auto-InitRegisters|auto-InitSeries10|auto-Read512|auto-StartRun|auto-checkAddress|auto-checkAddressFull|auto-createLoop|auto-createLoopDoppler|auto-fastMotor|auto-freeze|auto-getImages|auto-getImagesDoppler|auto-getRawImages|auto-getUSBImages|auto-initProbe|auto-progIt|auto-readWrite|auto-saveImage|auto-startAcq|auto-startDoppler|auto-startMotor|auto-stopAcq|auto-stopMotor|auto-unfreeze,ç”¨äºŽè¶…å£°æˆåƒçš„USBæŽ¢å¤´è®¾å¤‡ï¼Œå¯é€šè¿‡USBæŽ§åˆ¶ä¼ è¾“ä¸Žæ‰¹é‡ä¼ è¾“è¿›è¡Œåˆå§‹åŒ–ã€å¯„å­˜å™¨é…ç½®ã€å›¾åƒé‡‡é›†ã€å†»ç»“/è§£å†»ã€åŽŸå§‹å›¾åƒè¯»å–ä»¥åŠå¤šæ™®å‹’ç›¸å…³é‡‡é›†æŽ§åˆ¶ï¼Œé€‚ç”¨äºŽå®žéªŒä¸­çš„è¶…å£°è§‚å¯Ÿä¸Žæ•°æ®èŽ·å–ã€‚,"A USB ultrasound probe used for ultrasound imaging. It is controlled through USB control and bulk transfers for initialization, register configuration, image acquisition, freeze/unfreeze operation, raw image retrieval, and Doppler-related acquisition, making it suitable for experimental ultrasound observation and data capture.",å¤šæ™®å‹’è¶…å£°æŽ¢å¤´,è¡¨å¾è®¾å¤‡|ç”Ÿå‘½ä½“ç³»|è¶…å£°æˆåƒä¸Žå¤šæ™®å‹’æµåŠ¨ç›‘æµ‹|å¤šæ™®å‹’è¶…å£°æŽ¢å¤´
