id,name,name_en,type,source_files,rationale_examples,confidence
4361,DNA测序仪,DNA Sequencer,device_template_tag,tag 标签列表.csv,,high
4366,低温/冷冻离心机,Refrigerated Centrifuge,device_template_tag,tag 标签列表.csv,,high
4367,低温冰箱,Low-Temperature Freezer,device_template_tag,tag 标签列表.csv,,high
P-9805,双束聚焦离子束扫描电子显微镜,DualBeam FIB-SEM Microscope,device_template_tag,tag_additions_proposed.csv,该设备并非普通SEM，而是集成聚焦离子束铣削与电子束成像的双束平台，适合更精确的模板标注。,high
P-10005,多维显微图像数据源,Multidimensional Microscopy Image Data Source,device_template_tag,tag_additions_proposed.csv,该对象专门面向XYCZT显微图像及体素元数据的读写与访问，适合作为通用图像数据源模板。,high
4383,实时定量PCR仪,Real-Time Quantitative PCR,device_template_tag,tag 标签列表.csv,,high
P-9901,微孔板成像读板仪,Microplate Reader Imager,device_template_tag,tag_additions_proposed.csv,该设备同时整合微孔板读板与显微成像功能，现有模板不足以完整覆盖其一体化特征。,high
4387,微生物培养箱,Microbial Incubator,device_template_tag,tag 标签列表.csv,,high
4389,恒温摇床,Constant Temperature Shaker,device_template_tag,tag 标签列表.csv,,high
P-0007,显微镜自动化控制器,Microscope Automation Controller,device_template_tag,tag_additions_proposed.csv,该设备本质上是显微镜系统控制器，用于统一控制滤轮和附件，符合显微镜自动化控制器模板。 || 该设备族通过统一链路管理位移台、滤轮和光源，是典型的显微镜自动化控制系统。 || 设备是典型的显微镜多轴控制器，可统一管理载物台、调焦轴与部分光源。,high
4399,普通PCR仪,Thermal Cycler,device_template_tag,tag 标签列表.csv,,high
4405,核酸合成仪,Nucleic Acid Synthesizer,device_template_tag,tag 标签列表.csv,,high
4406,核酸纯化仪,Nucleic Acid Purification System,device_template_tag,tag 标签列表.csv,,high
4416,流式细胞仪,Flow Cytometer,device_template_tag,tag 标签列表.csv,,high
4419,深低温冰箱,Ultra-Low Temperature Freezer,device_template_tag,tag 标签列表.csv,,high
4421,热混匀仪,Thermomixer,device_template_tag,tag 标签列表.csv,,high
4423,生物分子相互作用分析仪,Biomolecular Interaction Analyzer,device_template_tag,tag 标签列表.csv,,high
4429,电穿孔仪（电转化仪）,Electroporator,device_template_tag,tag 标签列表.csv,,high
4431,真空离心浓缩仪,Vacuum Centrifugal Concentrator,device_template_tag,tag 标签列表.csv,,high
4434,离心机,Centrifuge,device_template_tag,tag 标签列表.csv,,high
4442,组织培养试验箱,Tissue Culture Chamber,device_template_tag,tag 标签列表.csv,,high
4443,组织破碎机,Tissue Homogenizer,device_template_tag,tag 标签列表.csv,,high
4444,细胞分析仪,Cell Analyzer,device_template_tag,tag 标签列表.csv,,high
4445,细胞融合仪,Cell Fusion System,device_template_tag,tag 标签列表.csv,,high
4457,酶标仪,Microplate Reader,device_template_tag,tag 标签列表.csv,,high
4459,高低温金属浴,High/Low Temperature Metal Bath,device_template_tag,tag 标签列表.csv,,high
4460,高内涵细胞成像分析系统,High Content Cell Imaging Analysis System,device_template_tag,tag 标签列表.csv,,high
4318,生命体系,Life Sciences,experimental_domain,tag 标签列表.csv,,high
4328,DNA文库构建测序与蛋白设计,"DNA Library Construction, Sequencing & Protein Design",experimental_scene,tag 标签列表.csv,,high
4327,基因编辑、分子生物学与育种,"Gene Editing, Molecular Biology & Breeding",experimental_scene,tag 标签列表.csv,,high
4340,小分子药物和PROTAC药物,Small Molecule & PROTAC Drugs,experimental_scene,tag 标签列表.csv,,high
P-990904,微孔板封膜与样品保护,Microplate Sealing & Sample Protection,experimental_scene,tag_additions_proposed.csv,该设备的核心任务就是对微孔板进行热封和样品保护，值得独立场景标签。 || 该后端接口专用于微孔板封膜流程控制，服务于板式样品保护场景。,high
P-900102,微孔板揭膜与开板,Microplate De-sealing & Plate Opening,experimental_scene,tag_additions_proposed.csv,该设备专门用于自动揭除微孔板封膜，为后续移液、读板或分析开板。,high
P-40003,微孔板样品孵育与混匀,Microplate Sample Incubation & Mixing,experimental_scene,tag_additions_proposed.csv,该设备专门面向微孔板加热孵育、振荡混匀和板上反应处理。 || 其控制对象是用于微孔板孵育和混匀的加热振荡单元。,high
P-5001,微孔板样品孵育与混匀,Microplate Sample Incubation & Mixing,experimental_scene,tag_additions_proposed.csv,该设备专门用于板式样品的恒温孵育和持续摇匀，现有场景标签覆盖不足。 || 该设备专用于微孔板样品的孵育与混匀，需补充更贴切的实验场景标签。,high
P-5003,微孔板检测与高通量筛选,Microplate Detection & High-Throughput Screening,experimental_scene,tag_additions_proposed.csv,设备面向多模式板检测和高通量筛选，现有场景标签不够完整覆盖。,high
P-9005,气候箱培养与稳定性试验,Climate Chamber Incubation & Stability Testing,experimental_scene,tag_additions_proposed.csv,设备说明明确包括培养、预处理和稳定性测试，都是典型气候箱实验场景。 || 其使用方式包括常规培养、存放和稳定性试验，符合气候箱实验场景。,high
P-8001,液体样品离心分离与前处理,Liquid Sample Centrifugal Separation & Pre-processing,experimental_scene,tag_additions_proposed.csv,该设备专门用于液体样品的离心分离、沉降和自动化前处理，现有场景标签缺少这一常见实验场景。,high
4333,深研院 AI4LifeScience,SIAIS AI4LifeScience,experimental_scene,tag 标签列表.csv,,high
4330,细胞生物学研究,Cell Biology Research,experimental_scene,tag 标签列表.csv,,high
4462,蛋白质组学研究,Proteomics Research,experimental_scene,tag 标签列表.csv,,high
P-13003,透射电镜与冷冻电镜成像,TEM & Cryo-EM Imaging,experimental_scene,tag_additions_proposed.csv,描述明确指出其常用于TEM和冷冻电镜实验中的成像记录、剂量分割采集和零损峰对准。,high
4315,器件/细胞设备,Device / Cell Equipment,experimental_step,tag 标签列表.csv,,high
P-8002,CCD探测器,CCD Detector,device_template_tag,tag_additions_proposed.csv,该设备被明确描述为用于光谱测量的CCD/EMCCD探测器，现有模板缺少更贴切的探测器类别。,medium
P-20006,GSIOC兼容液体处理仪器,GSIOC-Compatible Liquid Handling Instrument,device_template_tag,tag_additions_proposed.csv,描述指向一类采用GSIOC协议的Gilson液体处理、进样、输液或收集仪器。 || 其描述覆盖多种支持GSIOC的样品处理和流体输送类实验室仪器。,medium
P-0009,LED光源控制器,LED Light Controller,device_template_tag,tag_additions_proposed.csv,设备本质上是多通道LED照明控制器，用于独立驱动和调节显微照明通道。,medium
4363,一体化配粉配液站,Integrated Powder & Liquid Dispensing Station,device_template_tag,tag 标签列表.csv,,medium
P-200101,压电定位器,Piezo Positioner,device_template_tag,tag_additions_proposed.csv,该设备是双轴压电纳米定位平台，用于XY精密位移与扫描。 || 该设备是用于显微实验精密调焦与纳米位移控制的压电定位器。,medium
4378,固体称量工作站,Solid Weighing Workstation,device_template_tag,tag 标签列表.csv,,medium
P-11002,多普勒超声探头,Doppler Ultrasound Probe,device_template_tag,tag_additions_proposed.csv,设备是通过USB连接、支持B超与多普勒采集的超声探头，现有模板中缺少对应类别。,medium
P-9900102,多路温湿度传感器采集盒,Multi-Channel Temperature & Humidity Sensor Hub,device_template_tag,tag_additions_proposed.csv,EK-H4本质上是面向多路温湿度探头的集中采集/复用盒，现有模板缺少更精准对应。,medium
P-0212,多通道可调光谱LED光源,Multi-Channel Tunable Spectrum LED Light Source,device_template_tag,tag_additions_proposed.csv,Sunbrick 是多通道、可联网、可调光谱的 LED 光源模块，现有模板不足以完整覆盖其特征。,medium
P-700102,实验室可控光源,Controllable Laboratory Light Source,device_template_tag,tag_additions_proposed.csv,该设备是通过USB-TMC控制的通用实验室光源，可覆盖多类照明/激发设备模板。,medium
P-990905,实验室封膜机控制接口,Laboratory Sealer Control Interface,device_template_tag,tag_additions_proposed.csv,该组件不是实体封膜机，而是可被多种封膜机实现复用的软件控制接口模板。,medium
P-300005,实验室磁体系统,Laboratory Magnet System,device_template_tag,tag_additions_proposed.csv,该设备是由电流源驱动并可读出磁场的实验室磁体，现有模板缺少对通用实验磁体系统的覆盖。,medium
4384,封膜仪,Plate Sealer,device_template_tag,tag 标签列表.csv,,medium
4386,开关盖加液模块,Cap/Decap Liquid Dispensing Module,device_template_tag,tag 标签列表.csv,,medium
P-40004,微孔板加热振荡器控制器,Microplate Heater Shaker Controller,device_template_tag,tag_additions_proposed.csv,该设备本质是微孔板加热振荡器的专用控制盒/控制器。,medium
P-5002,微孔板恒温振荡器,Microplate Thermoshaker,device_template_tag,tag_additions_proposed.csv,设备是典型的微孔板控温振荡设备，较现有热混匀仪标签更贴合。 || 相较通用热混匀仪，该设备更准确地属于微孔板恒温振荡器这一类模板。,medium
P-91003,微孔板温控模块,Microplate Temperature Control Module,device_template_tag,tag_additions_proposed.csv,该设备专门对微孔板或小型实验容器进行加热/冷却和恒温保持，适合单列为温控模块类别。,medium
P-9902,微孔板自动培养存储系统,Automated Microplate Incubator Storage System,device_template_tag,tag_additions_proposed.csv,该设备兼具微孔板培养、自动存储和转运功能，现有模板无法完整表达其自动化培养存储特征。,medium
P-31001,微流控液体泵,Microfluidic Liquid Pump,device_template_tag,tag_additions_proposed.csv,该设备面向微升级液体、管路输送和预充操作，适合作为微流控液体泵这一通用设备模板。,medium
4390,扫描电子显微镜,Scanning Electron Microscope,device_template_tag,tag 标签列表.csv,,medium
4396,撕膜仪,Plate Desealer,device_template_tag,tag 标签列表.csv,,medium
P-1113,数字微镜空间光调制器,Digital Micromirror Spatial Light Modulator,device_template_tag,tag_additions_proposed.csv,DLP6500 系列 DMD 属于数字微镜式空间光调制器的通用设备模板。,medium
P-990005,显微照明光源,Microscopy Illumination Source,device_template_tag,tag_additions_proposed.csv,该Prior Lumen设备本质是可开关的显微照明光源，而非激光器。,medium
P-990006,显微照明快门,Microscopy Illumination Shutter,device_template_tag,tag_additions_proposed.csv,该设备用于控制显微照明光路通断，是典型显微照明快门。,medium
P-700004,显微镜卤素照明光源,Microscope Halogen Illumination Source,device_template_tag,tag_additions_proposed.csv,设备是显微镜专用卤素灯照明单元，用于样品观察、成像和对焦。,medium
4400,普通光学显微镜,Optical Microscope,device_template_tag,tag 标签列表.csv,,medium
P-200102,机械光快门控制器,Mechanical Optical Shutter Controller,device_template_tag,tag_additions_proposed.csv,SC10 是用于驱动 Thorlabs 机械快门的专用控制器，现有模板中缺少这一类通用光快门控制器。,medium
P-9006,气候箱,Climate Chamber,device_template_tag,tag_additions_proposed.csv,Binder MK53本身就是具备温度设定、监测和门状态反馈的实验室气候箱。 || 该设备是用于温度控制、样品装载和运行状态监测的实验室气候试验箱。,medium
4414,洗板机,Microplate Washer,device_template_tag,tag 标签列表.csv,,medium
P-91002,生物电信号采集板,Bioelectrical Signal Acquisition Board,device_template_tag,tag_additions_proposed.csv,该设备是可扩展通道的开源生物电采集板，适合归入生物电/脑电采集硬件类别。,medium
P-3008,电动位移台控制器,Motorized Stage Controller,device_template_tag,tag_additions_proposed.csv,该设备是用于电动位移台、旋转台等机构的专用控制器，适合作为通用模板。,medium
P-5003,电动定位台,Motorized Positioning Stage,device_template_tag,tag_additions_proposed.csv,描述指出该类设备可为单轴或多轴位移台，较通用的电动定位台模板可更完整覆盖其实例范围。 || 该类设备可能包含一个或多个运动轴，通用的电动定位台模板能更好覆盖多轴情况。,medium
P-9000010,电子显微镜远程控制代理,Electron Microscope Remote Control Proxy,device_template_tag,tag_additions_proposed.csv,该设备本质是面向TEM/STEM的远程软件代理，负责显微镜状态访问、参数控制与采集触发，现有模板标签不足以准确覆盖。,medium
4428,电热板,Hot Plate,device_template_tag,tag 标签列表.csv,,medium
P-13004,电镜相机,Electron Microscope Camera,device_template_tag,tag_additions_proposed.csv,该设备直接管理透射电镜相机与直接电子探测器，适合作为独立设备模板。,medium
P-13005,电镜能量过滤器,Electron Microscope Energy Filter,device_template_tag,tag_additions_proposed.csv,系统同时支持能量过滤器狭缝宽度、能量偏移和零损峰对准，体现独立能量过滤器模板特征。,medium
4432,磁珠纯化模块,Magnetic Bead Purification Module,device_template_tag,tag 标签列表.csv,,medium
P-3001,科学相机,Scientific Camera,device_template_tag,tag_additions_proposed.csv,该设备是低噪声、高灵敏度科研成像相机，适合作为通用科学相机模板。 || 该设备是带高灵敏探测与制冷能力的科研相机，适合纳入科学相机模板。,medium
4435,移液器,Pipette,device_template_tag,tag 标签列表.csv,,medium
4436,移液工作站,Liquid Handling Workstation,device_template_tag,tag 标签列表.csv,,medium
4437,移液管,Pipette Tube,device_template_tag,tag 标签列表.csv,,medium
4447,荧光显微镜,Fluorescence Microscope,device_template_tag,tag 标签列表.csv,,medium
4456,透射电子显微镜,Transmission Electron Microscope,device_template_tag,tag 标签列表.csv,,medium
P-60005,门控像增强器,Gated Image Intensifier,device_template_tag,tag_additions_proposed.csv,该设备是高重复频率、可门控的像增强器，可作为一类弱光增强成像器件模板。,medium
P-0030,面阵探测器,Area Detector,device_template_tag,tag_additions_proposed.csv,设备核心能力是二维面阵图像采集与ROI统计，适合作为通用模板标签。,medium
P-970002,样品分离与前处理,Sample Separation & Pre-processing,experimental_domain,tag_additions_proposed.csv,除自动化属性外，该设备更本质地服务于样品分离和前处理流程，现有领域标签中缺少这一更贴切的上位分类。,medium
P-9004,环境控制与稳定性测试,Environmental Control & Stability Testing,experimental_domain,tag_additions_proposed.csv,该气候箱通过受控温度环境支持样品调理和稳定性评估，适合归入环境控制与稳定性测试领域。 || MK56用于环境模拟和样品稳定性测试，适合归入环境控制与稳定性测试领域。,medium
P-900006,分析称量与配样,Analytical Weighing & Sample Preparation,experimental_scene,tag_additions_proposed.csv,该设备用于分析称量、去皮清零和样品配制，现有场景标签缺少针对实验室称量配样的通用场景。,medium
P-6002,外接设备恒温控制,External Equipment Thermostating,experimental_scene,tag_additions_proposed.csv,该控制器核心用途是为反应器、冷凝器和分析仪器等外接设备提供恒温循环配套。,medium
P-5001,实验室机器人操作与样品转运,Laboratory Robotic Manipulation & Sample Transfer,experimental_scene,tag_additions_proposed.csv,该机械臂用于实验室抓取、搬运、末端位姿控制和样品定位，符合机器人操作与转运场景。,medium
P-5007,实验室机械臂自动化与样品搬运,Laboratory Robotic Arm Automation & Sample Handling,experimental_scene,tag_additions_proposed.csv,设备典型用途是实验室自动化、教学演示和样品搬运，值得单独成景。,medium
P-8113,实验成像与机器视觉,Laboratory Imaging & Machine Vision,experimental_scene,tag_additions_proposed.csv,该设备支持触发采集、ROI、曝光和增益控制，典型用于实验机器视觉与视觉测量。,medium
P-8115,实验成像与过程监测,Laboratory Imaging & Process Monitoring,experimental_scene,tag_additions_proposed.csv,其主要用途包括样品观察、设备对准和过程监测，适合作为通用实验成像场景标签。,medium
P-60004,时间分辨光学成像,Time-Resolved Optical Imaging,experimental_scene,tag_additions_proposed.csv,其主要用途是对瞬态发光和激光诱导过程进行门控增强成像，典型对应时间分辨光学成像。,medium
P-92004,显微定位重建与集群分析,Microscopy Localization Reconstruction & Cluster Analysis,experimental_scene,tag_additions_proposed.csv,该规则对象专门在采集完成后推进定位重建或集群分析，现有显微场景过于宽泛。,medium
P-0006,显微成像与光学显微实验,Microscopy Imaging & Optical Microscopy Experiments,experimental_scene,tag_additions_proposed.csv,该控制器直接用于荧光显微、多通道成像和滤光片切换，适合作为显微成像场景标签。 || 该系统直接支撑样品定位、滤光片切换和照明调节，适合显微成像与光学显微实验场景。 || 该控制器面向荧光激发、透射/反射照明和多波段显微实验。,medium
P-0038,样品/探针定位与运动控制,Sample / Probe Positioning & Motion Control,experimental_scene,tag_additions_proposed.csv,设备用于一维样品、探针和传感器定位，直接对应实验中的定位与运动控制场景。,medium
P-300006,液体输送与定量分配,Liquid Transfer & Metered Dispensing,experimental_scene,tag_additions_proposed.csv,描述中涵盖连续运行、按转数运行、灌装与分配，适合归入通用液体输送与定量分配场景。 || 设备支持连续输液、定时分配和批量加液，和液体输送与定量分配场景直接匹配。,medium
P-12002,溶解氧与气体氧监测,Dissolved Oxygen & Gaseous Oxygen Monitoring,experimental_scene,tag_additions_proposed.csv,该设备专门面向液体或气体样品中的氧浓度、氧饱和度等参数监测。,medium
4334,移液站产品,Liquid Handling Station Products,experimental_scene,tag 标签列表.csv,,medium
P-1111,结构光照明与图案投影,Structured Illumination & Pattern Projection,experimental_scene,tag_additions_proposed.csv,其典型用途就是高速图案控制、structured illumination 和 pattern projection。 || 该器件用于 pattern projection、structured illumination 和 triggered optical sequencing。,medium
P-900005,BACnet MS/TP多路复用器,BACnet MS/TP Multiplexer,device_template_tag,tag_additions_proposed.csv,设备名称和功能都明确指向BACnet MS/TP通信多路复用组件，现有模板中缺少这一类专用多路复用器。,low
P-900004,BACnet MS/TP通信接口,BACnet MS/TP Communication Interface,device_template_tag,tag_additions_proposed.csv,设备本体就是BACnet MS/TP总线接口/网络节点，现有模板缺少这一类专用通信接口。,low
P-60012,CAN总线以太网网关,CAN-to-Ethernet Gateway,device_template_tag,tag_additions_proposed.csv,I-7540D的核心定位就是以太网到CAN的协议桥接网关，这一模板可覆盖同类网关设备。,low
P-8110,CAN总线分析仪,CAN Bus Analyzer,device_template_tag,tag_additions_proposed.csv,该设备是USB转CAN的分析与通信适配器，广泛对应CAN总线分析仪模板。,low
P-300101,CAN总线报文发生器,CAN Bus Message Generator,device_template_tag,tag_additions_proposed.csv,该对象持续按固定周期或多速率发送CAN报文，本质上属于CAN报文发送/注入类设备或软件节点。,low
P-5006,CAN总线日志记录器,CAN Bus Logger,device_template_tag,tag_additions_proposed.csv,该软件记录器的功能边界清晰，适合作为独立的CAN日志记录设备模板。,low
P-700006,CAN总线消息通知器,CAN Bus Notifier,device_template_tag,tag_additions_proposed.csv,该对象是面向CAN总线监听与消息分发的通用通知组件，适合作为独立模板归类。,low
P-600205,CAN消息数据库读取器,CAN Message Database Reader,device_template_tag,tag_additions_proposed.csv,该组件是面向已存储CAN消息数据库的通用读取器，而非实时总线控制器。,low
P-9802,CSV数据导出器,CSV Data Exporter,device_template_tag,tag_additions_proposed.csv,该软件组件的主要功能就是将实验数据缓冲并写出为CSV文件，符合通用CSV导出器模板。,low
P-15002,DAQ系统管理器,DAQ System Manager,device_template_tag,tag_additions_proposed.csv,这是代表并管理整套DAQ系统的软件对象，而不仅是单一采集卡或枚举器，适合作为更通用的系统管理模板。,low
P-1110,GPIO距离传感器,GPIO Distance Sensor,device_template_tag,tag_additions_proposed.csv,这是通过 GPIO 触发/回读工作的通用距离传感器接口模板。,low
P-20011,HDF5数据存储后端,HDF5 Data Storage Backend,device_template_tag,tag_additions_proposed.csv,该组件是典型的HDF5文件读写与层级数据管理后端。,low
P-60011,I²C主控制器,I2C Master Controller,device_template_tag,tag_additions_proposed.csv,该设备明确是I²C总线主控接口模块，可作为一类常见实验嵌入式通信控制器模板。,low
P-900002,MQTT仪器消息客户端,MQTT Instrument Messaging Client,device_template_tag,tag_additions_proposed.csv,设备本身就是通用MQTT客户端组件，负责发布/订阅与发现配置，现有模板中缺少这一类消息客户端。,low
P-800001,Modbus RTU串口网关,Modbus RTU Serial Gateway,device_template_tag,tag_additions_proposed.csv,该设备并非普通串口接口，而是面向Modbus RTU总线的串口网关/转发设备，模板表达更精确。,low
P-31007,Modbus TCP客户端,Modbus TCP Client,device_template_tag,tag_additions_proposed.csv,该设备本质是通过以太网访问Modbus设备的通用客户端，适合作为Modbus TCP客户端模板。,low
P-800002,Modbus TCP服务器,Modbus TCP Server,device_template_tag,tag_additions_proposed.csv,该设备是提供Modbus TCP寄存器服务的服务器类组件，现有模板缺少这一明确类别。,low
P-5009,Modbus TCP现场设备,Modbus TCP Field Device,device_template_tag,tag_additions_proposed.csv,该对象泛指通过Modbus TCP通信的工业现场设备，如PLC、远程I/O和电力仪表，需要比单一PLC更宽的模板。,low
P-0032,OPC-UA地址空间构建器,OPC-UA Address Space Builder,device_template_tag,tag_additions_proposed.csv,设备名称和职责都直接对应OPC-UA服务器地址空间构建器这一软件模板。,low
P-11003,PID过程控制器,PID Process Controller,device_template_tag,tag_additions_proposed.csv,设备被明确描述为工业 PID 过程控制器，现有模板中缺少这一常见控制器类别。,low
P-0036,PLC控制器,PLC Controller,device_template_tag,tag_additions_proposed.csv,该设备本质是实验室自动化系统中使用的PLC/工业控制器。,low
P-600106,PWM输出驱动器,PWM Output Driver,device_template_tag,tag_additions_proposed.csv,该条目适合作为通用PWM输出控制组件模板，可覆盖LED调光和电机驱动等设备。,low
P-900904,SCPI/VISA仪器控制客户端,SCPI/VISA Instrument Control Client,device_template_tag,tag_additions_proposed.csv,该软件组件通过VISA/SCPI远程控制实验仪器，适合作为通用SCPI控制客户端模板。,low
P-3001003,UDP数值发布器,UDP Value Publisher,device_template_tag,tag_additions_proposed.csv,设备动作就是通过UDP广播发布实验数值，模板特征非常明确。,low
P-10011,X射线发生器,X-Ray Generator,device_template_tag,tag_additions_proposed.csv,该设备本质上是实验室X射线发生器/管系统，适合作为独立设备模板标签。,low
P-300001,X射线束线狭缝,X-Ray Beamline Slits,device_template_tag,tag_additions_proposed.csv,该设备本体就是可调开口与中心位置的束线狭缝，现有模板中缺少这一常见束线光学元件。,low
P-800101,ZMQ值订阅器,ZMQ Value Subscriber,device_template_tag,tag_additions_proposed.csv,该组件专门通过 ZeroMQ 订阅远程数值消息，适合作为同类实验消息订阅软件组件的模板标签。,low
P-970007,一维科学数据查看器,1D Scientific Data Viewer,device_template_tag,tag_additions_proposed.csv,现有模板缺少专门覆盖一维曲线、十字光标、ROI 与线剖面交互的数据查看组件类型。,low
P-0041,串行过程仪表,Serial Process Instrument,device_template_tag,tag_additions_proposed.csv,该设备是通过串口和Modbus协议通信的通用过程仪表，现有模板标签中缺少对此类仪表的准确覆盖。,low
P-600202,事件信号分发器,Event Signal Dispatcher,device_template_tag,tag_additions_proposed.csv,它并不控制具体硬件，而是作为实验软件中的通用事件与回调分发组件，适合作为独立模板类标签。,low
P-0010,二极管激光器,Diode Laser,device_template_tag,tag_additions_proposed.csv,设备是可串口控制的智能二极管激光光源，符合二极管激光器模板。,low
P-970006,二维科学数据查看器,2D Scientific Data Viewer,device_template_tag,tag_additions_proposed.csv,现有模板缺少完整覆盖图像显示、坐标缩放、直方图和线剖面的二维科学数据显示组件类型。,low
P-0037,任意函数发生器,Arbitrary Function Generator,device_template_tag,tag_additions_proposed.csv,Tektronix AFG3021B的具体设备类型就是台式任意函数发生器。,low
P-7003,任意波形发生器,Arbitrary Waveform Generator,device_template_tag,tag_additions_proposed.csv,该设备本质上是高速多通道AWG，较现有函数发生器标签更准确。,low
P-7009,任意波形发生器,Arbitrary Waveform Generator,device_template_tag,tag_additions_proposed.csv,该设备以波形查找表和码字寻址为核心，属于典型AWG类别。,low
P-500905,任意波形发生器协调控制器,Arbitrary Waveform Generator Orchestration Controller,device_template_tag,tag_additions_proposed.csv,该软件组件并非单台AWG本体，而是面向多台AWG的统一配置、编程与协调控制器。,low
P-400001,位移测量仪,Displacement Meter,device_template_tag,tag_additions_proposed.csv,该设备是通过命令通信读取微米级位移值的测量仪，现有模板缺少对位移测量仪的直接覆盖。,low
P-0027,位置控制器,Positioner Controller,device_template_tag,tag_additions_proposed.csv,ETS 2090本质上是测试位置器/扫描机构的专用位置控制器，现有模板中缺少这一类设备的准确标签。,low
P-0207,低温制冷机,Cryocooler,device_template_tag,tag_additions_proposed.csv,CryoTel GT 明确是一类实验室低温制冷机。,low
P-12011,低温制冷机监测系统,Cryogenic Refrigerator Monitor,device_template_tag,tag_additions_proposed.csv,设备本体就是用于监测低温制冷机/低温恒温器状态的监测系统。,low
P-500906,光学脉冲选择器,Optical Pulse Picker,device_template_tag,tag_additions_proposed.csv,该设备专门按事件码选择性放行或阻挡光脉冲，适合作为通用脉冲选择器模板。,low
P-9000001,光束挡板,Beam Stopper,device_template_tag,tag_additions_proposed.csv,该设备本体就是通过开/关与限位状态实现光束通断的挡板类装置。,low
P-70004,光纤开关,Fiber Switch,device_template_tag,tag_additions_proposed.csv,设备本质上是多通道光纤切换器，适合作为同类光纤路由与切换硬件的模板标签。,low
P-9806,光谱仪,Spectrometer,device_template_tag,tag_additions_proposed.csv,该设备也用于一般光谱分析与1D/区域扫描采集，较拉曼专用模板更能覆盖其通用光谱仪属性。,low
P-5002,光谱传感器,Spectral Sensor,device_template_tag,tag_additions_proposed.csv,AS7341设备不是传统光谱仪，而是多通道可见光光谱传感器，此模板更贴合其形态与用途。,low
P-500102,内存实验项目存储后端,In-Memory Experimental Project Storage Backend,device_template_tag,tag_additions_proposed.csv,该设备本质上是以内存实现的实验项目/数据项存储后端，而非独立物理仪器。 || 该设备属于面向实验项目与数据项的内存型存储后端。,low
P-60009,分布式实验任务提交器,Distributed Experimental Task Submitter,device_template_tag,tag_additions_proposed.csv,其功能本质是向分布式处理系统提交实验任务，适合作为此类工作流组件的通用模板。 || HTTP任务推送器可归为分布式实验任务提交器这一通用软件组件类别。,low
P-70005,动态链接库仪器驱动,Dynamic Library Instrument Driver,device_template_tag,tag_additions_proposed.csv,该对象是基于DLL/共享库的通用仪器驱动基类，适合作为一类厂商库驱动模板标签。,low
P-970003,可调针阀,Adjustable Needle Valve,device_template_tag,tag_additions_proposed.csv,设备本质是用于真空或气路精细节流的可调针阀，现有模板中缺少这一常见部件类型。,low
P-300002,台式多轴自动换工具平台,Benchtop Multi-Axis Tool-Changing Platform,device_template_tag,tag_additions_proposed.csv,Jubilee属于可自动换工具的台式多轴运动平台，现有模板缺少这类通用实验室运动底座。,low
P-400002,多通道精密电压源,Multi-Channel Precision Voltage Source,device_template_tag,tag_additions_proposed.csv,该设备并非普通电源，而是面向量子实验的多通道高精度电压输出平台，现有模板可进一步细化。,low
P-91000001,实验仪器软件控制模块,Instrument Software Control Module,device_template_tag,tag_additions_proposed.csv,该对象不是实体仪器，而是封装LabOne连接、节点控制和AWG管理的通用软件控制模块。 || 该对象是通用LabOne模块的软件接口，而非物理设备，适合归为软件控制模块模板。,low
P-600110,实验仪表板套接字客户端,Experimental Dashboard Socket Client,device_template_tag,tag_additions_proposed.csv,它是通过套接字与实验仪表板或设备前端交互的客户端组件模板。,low
P-10016,实验室仪器枚举器,Laboratory Instrument Enumerator,device_template_tag,tag_additions_proposed.csv,该对象专门用于扫描VISA、GPIB、串口等资源并识别可接入仪器，适合作为通用枚举器模板。,low
P-40006,实验室倾斜模块,Laboratory Tilt Module,device_template_tag,tag_additions_proposed.csv,该设备是面向样品载具姿态调整、排液和分离辅助的实验室倾斜模块。,low
P-30003,实验扫描数据写入器,Experimental Scan Data Writer,device_template_tag,tag_additions_proposed.csv,该对象专门面向扫描流程写出测量数据、设备列表、信号列表及元数据，属于实验扫描数据写入器模板。,low
P-5004,实验扫描数据文件,Experimental Scan Data File,device_template_tag,tag_additions_proposed.csv,该对象不是硬件而是专用于保存扫描结果、参数和列式数据的实验数据文件模板。,low
P-99010008,实验报警汇总指示器,Experiment Alarm Summary Indicator,device_template_tag,tag_additions_proposed.csv,该组件是对多个实验信号报警状态进行汇总显示的通用界面部件，Typhos报警组件符合此模板。,low
P-9907,实验控制仪表板,Experiment Control Dashboard,device_template_tag,tag_additions_proposed.csv,该软件是集中管理探测器、执行器、扫描和日志的实验控制仪表板，需独立模板表达。,low
P-30001,实验数据文件读写器,Experimental Data File Reader/Writer,device_template_tag,tag_additions_proposed.csv,该对象是通用实验软件中的文件创建、读取、写入与解析组件，可归为实验数据文件读写器模板。,low
P-990205,实验数据流传输器,Experimental Data Streamer,device_template_tag,tag_additions_proposed.csv,该非实体组件的核心功能是持续、异步地将实验文件或数据流式发送到服务器或集群节点，适合作为实验数据流传输器模板。,low
P-10004,实验数据融合处理器,Experimental Data Fusion Processor,device_template_tag,tag_additions_proposed.csv,它不是独立测量硬件，而是通用的实验数据融合与实时计算处理模板。,low
P-10002,实验数据集对象,Experimental Dataset Object,device_template_tag,tag_additions_proposed.csv,该对象表示一个带标题、说明、校准和元数据的实验数据集，适合作为通用数据集对象模板。,low
P-30002,实验文件监视器,Experimental File Watcher,device_template_tag,tag_additions_proposed.csv,该对象持续监视实验目录、维护文件列表并保存日志，适合归入实验文件监视器模板。,low
P-10010,实验脚本编辑器,Experiment Script Editor,device_template_tag,tag_additions_proposed.csv,该对象提供新建、打开、保存、运行和停止脚本等功能，明显属于实验脚本编辑与执行器模板。,low
P-9000011,实验自动化资源类生成器,Laboratory Automation Resource Class Generator,device_template_tag,tag_additions_proposed.csv,该组件将自动化平台资源文件转换为可调用类对象，属于一类可复用于多种自动化平台的软件生成工具。,low
P-970001,实验配方规则引擎,Experiment Recipe Rule Engine,device_template_tag,tag_additions_proposed.csv,该组件专门承担配方规则定义、准备和任务组织职责，适合作为规则引擎类模板。,low
P-0013,射频信号发生器,RF Signal Generator,device_template_tag,tag_additions_proposed.csv,设备本身就是可调频率、幅度和相位的台式射频信号发生器。,low
P-500902,属性连接组件,Property Connection Component,device_template_tag,tag_additions_proposed.csv,该设备本质上是用于属性绑定和同步的软件连接组件，适合作为一类通用模板标签。,low
P-31006,工业协议报文解析器,Industrial Protocol Message Decoder,device_template_tag,tag_additions_proposed.csv,该软件组件的核心作用是对工业通信协议帧进行解码标注，适合作为通用工业协议报文解析器模板。 || 它并非物理仪器，而是面向工业协议报文的通用解码解析组件。,low
P-20002,开关控制单元,Switch/Control Unit,device_template_tag,tag_additions_proposed.csv,HP 3488A是可编程模块化开关控制主机，不仅是单块继电器板，更适合作为开关控制单元模板。,low
P-00005,快门时序控制器,Shutter Timing Controller,device_template_tag,tag_additions_proposed.csv,该组件专门负责快门输出通道的延迟补偿、定时指令生成和序列调度，适合作为通用快门时序控制模板。,low
P-13012,感兴趣区图形标注器,ROI Graphic Annotator,device_template_tag,tag_additions_proposed.csv,这是科学成像软件中可复用的图形标注/ROI对象模板，而非具体显微镜本体。,low
P-9906,扫描采集控制模块,Scan Acquisition Control Module,device_template_tag,tag_additions_proposed.csv,该设备是面向自动扫描、映射测量和文件保存的专用控制模块，现有模板不够完整。,low
P-900102,持久化属性组件,Persistent Property Component,device_template_tag,tag_additions_proposed.csv,该组件专门管理单个持久化属性值及其序列化形式，适合作为通用持久化属性类模板。,low
P-990906,按行索引实验记录存储器,Line-Indexed Experimental Record Store,device_template_tag,tag_additions_proposed.csv,该组件比普通文件读写器更强调按行索引和随机访问，适合作为独立存储模板。,low
P-00003,振荡器模拟后端,Shaker Simulation Backend,device_template_tag,tag_additions_proposed.csv,该组件并非实体振荡器，而是面向振荡器工作流的可复用模拟后端模板。,low
P-0102,数字命令序列控制器,Digital Command Sequencer,device_template_tag,tag_additions_proposed.csv,该设备的核心形态是可存储并输出数字命令模式的序列控制器。,low
P-13013,数控固件运动控制器,GRBL Motion Controller,device_template_tag,tag_additions_proposed.csv,该设备运行GRBL类固件并直接解释G-code控制多轴运动，适合作为此类运动控制器模板。,low
P-92003,文件与命令远程客户端,Remote File & Command Client,device_template_tag,tag_additions_proposed.csv,它并非具体仪器，而是用于远程文件操作和命令执行的软件客户端模板。,low
P-9803,智能舵机总线,Smart Servo Bus,device_template_tag,tag_additions_proposed.csv,该设备是由总线型智能舵机及串行总线构成的多执行器控制系统，适合作为独立模板。,low
P-10015,机器人仿真实体,Robotic Simulation Entity,device_template_tag,tag_additions_proposed.csv,该对象可抽象表示桌面、箱体、机械臂、人形机器人等多类仿真实体，适合作为通用仿真设备模板。,low
P-900909,机器人夹爪,Robotic Gripper,device_template_tag,tag_additions_proposed.csv,设备还包含用于开合抓取样品的夹爪末端执行器，适合作为独立通用模板。,low
P-20001,机器人电动夹爪,Robotic Electric Gripper,device_template_tag,tag_additions_proposed.csv,该设备是可设定位置、速度和夹持力的电动机器人夹爪，适合作为通用夹爪模板。 || 该设备是安装在机器人末端、可控位置速度力度的电动夹爪。,low
P-99010002,机器人运动桥接节点,Robot Motion Bridge Node,device_template_tag,tag_additions_proposed.csv,该组件是将上层机器人运动命令桥接到设备接口的通用软件节点类型，Tron1桥接器符合此模板。,low
P-13005,机器人运动目标节点,Robot Motion Goal Node,device_template_tag,tag_additions_proposed.csv,该对象并非机械臂本体，而是可复用的机器人运动目标逻辑组件，适合作为一类控制节点模板。,low
4402,机械臂,Robotic Arm,device_template_tag,tag 标签列表.csv,,low
P-40008,模块化实验控制面板,Modular Experimental Control Console,device_template_tag,tag_additions_proposed.csv,该设备本质是可模块化扩展的实体实验控制面板。,low
P-8105,气体质量流量控制器,Gas Mass Flow Controller,device_template_tag,tag_additions_proposed.csv,设备本体就是带控制阀的气体质量流量控制器，适合作为通用模板标签。,low
P-1008,涡轮分子真空泵,Turbomolecular Vacuum Pump,device_template_tag,tag_additions_proposed.csv,设备名称直接表明其为涡轮分子真空泵。,low
P-92001,液位传感器,Liquid Level Sensor,device_template_tag,tag_additions_proposed.csv,该设备核心能力就是检测容器或储液槽液位，现有模板中缺少更直接的液位传感器类别。,low
P-90001,温度控制器,Temperature Controller,device_template_tag,tag_additions_proposed.csv,Lake Shore 336本质上是多传感器温度读出与控温用的温度控制器。 || Lake Shore 340是用于低温传感器读出和控温的温度控制器。 || Lake Shore 350是多通道读温并驱动加热器的通用温度控制器。,low
P-9900103,温湿度传感器,Temperature & Humidity Sensor,device_template_tag,tag_additions_proposed.csv,SHT85是典型数字温湿度一体传感器，现有模板缺少同时覆盖温度与湿度的设备类型。,low
P-900101,激光器控制器,Laser Controller,device_template_tag,tag_additions_proposed.csv,该设备专门控制实验室激光器的电流、功率、调制、联锁和故障状态，适合作为激光器控制器模板。,low
P-990107,皮秒延时发生器,Picosecond Delay Generator,device_template_tag,tag_additions_proposed.csv,该设备专用于相对输入沿生成皮秒级可编程延时与脉冲宽度输出。,low
P-900104,真空泵,Vacuum Pump,device_template_tag,tag_additions_proposed.csv,证据明确表明这是 Pfeiffer 的真空泵或配套泵控单元，现有模板过于限定为涡轮分子泵，因此补充更通用的真空泵模板更合适。,low
P-9102,短波红外相机,SWIR Camera,device_template_tag,tag_additions_proposed.csv,该设备明确为Specim短波红外成像相机，模板应区别于普通可见光或通用工业相机。,low
P-50001,系统状态监测伪设备,System State Monitoring Pseudo-Device,device_template_tag,tag_additions_proposed.csv,该对象无独立硬件实体，专门把操作系统内部状态暴露为实验自动化可读取的逻辑设备。,low
P-0018,继电器切换板,Relay Switching Board,device_template_tag,tag_additions_proposed.csv,设备本质上是多通道继电器切换板，用于控制电源和负载连接关系。,low
P-9905,网络化数据采集仪,Networked Data Acquisition Instrument,device_template_tag,tag_additions_proposed.csv,该设备通过TCP/IP输出0D/1D/2D数据，适合作为网络化通用采集仪器模板。,low
P-80000005,网络摄像头,Webcam,device_template_tag,tag_additions_proposed.csv,该设备是通用可见光网络摄像头，现有工业相机/科学相机标签不如该模板准确。,low
P-900906,联合实验控制后端,Coordinated Experiment Control Backend,device_template_tag,tag_additions_proposed.csv,该对象不是单一仪器，而是协调源表、温控器和界面的联合实验控制后端。 || 该软件组件用于协调多台仪器和GUI进行实验监测，符合通用联合实验控制后端模板。,low
4446,自动化耗材堆栈,Automated Consumable Stack,device_template_tag,tag 标签列表.csv,,low
P-6001,蓝牙流式采集设备,Bluetooth Streaming Acquisition Device,device_template_tag,tag_additions_proposed.csv,该设备是面向实验实时监测的通用BLE连续流式传感/采集终端，适合作为一类设备模板。,low
P-970005,视频文件采集源,Video File Capture Source,device_template_tag,tag_additions_proposed.csv,现有模板有文件夹图像采集源，但缺少针对视频文件连续帧读取的软件视频源模板。,low
P-990201,远程实验控制客户端,Remote Experiment Control Client,device_template_tag,tag_additions_proposed.csv,该组件作为非实体客户端连接远程SPEC会话，发送命令并操作电机/计数器对象，适合作为远程实验控制客户端模板。,low
P-200009,通用传感器接口,Generic Sensor Interface,device_template_tag,tag_additions_proposed.csv,该对象不是单一传感器，而是面向多类传感器统一读取、校准和记录的通用接口。,low
P-21001,通用字节流仪器通信接口,Generic Byte-Stream Instrument Communication Interface,device_template_tag,tag_additions_proposed.csv,该设备并非单一串口接口，而是面向串口、网络套接字和进程管道的通用原始字节流通信接口。,low
P-9904,通用实验探测器,Generic Laboratory Detector,device_template_tag,tag_additions_proposed.csv,该设备并非单一相机或单一传感器，而是面向多类实验信号/图像采集的通用探测器模板。,low
P-10008,通用实验设备占位器,Generic Laboratory Device Placeholder,device_template_tag,tag_additions_proposed.csv,该对象明确是未定型号的物理设备占位模板，适合表示待接入的通用实验硬件。,low
P-13006,通用接口总线仪器通信接口,General-Purpose Interface Bus Instrument Communication Interface,device_template_tag,tag_additions_proposed.csv,该设备专门把采用IEEE-488/GPIB接口的台式仪器接入计算机控制系统，适合作为GPIB通信接口模板。,low
P-13007,通用数字输入输出外设,General Digital Input/Output Peripheral,device_template_tag,tag_additions_proposed.csv,该对象表示通过单个GPIO引脚连接的通用数字外设，适合作为一类常见外设模板。,low
P-20003,阻抗分析仪,Impedance Analyzer,device_template_tag,tag_additions_proposed.csv,HP 4395A还支持阻抗测量，现有模板标签未覆盖该能力，补充阻抗分析仪更完整。,low
P-0001,实验室自动化与仪器集成,Laboratory Automation & Instrument Integration,experimental_domain,tag_additions_proposed.csv,该设备兼具采集与控制接口功能，适合归入面向传感器、执行器和软件联动的实验室自动化与仪器集成领域。 || libusb 让上层应用直接访问和控制 USB 设备，是实验室仪器互联、驱动集成和自动化控制的基础能力。,low
P-0029,X射线成像与束线探测,X-Ray Imaging & Beamline Detection,experimental_scene,tag_additions_proposed.csv,描述明确提到同步辐射束线和X射线成像，这是更贴切的实验场景。,low
P-0206,低温实验温控与制冷,Cryogenic Temperature Control & Cooling,experimental_scene,tag_additions_proposed.csv,设备支持温度或功率设定、恒温模式和故障监测，符合低温温控场景。,low
P-1102,多维实验数据可视化,Multidimensional Experimental Data Visualization,experimental_scene,tag_additions_proposed.csv,其功能集中在多维数据选择、刷新与显示配置，适配多维可视化场景。 || 支持 sequence、collection、slice 等多维数据显示操作，场景高度吻合。 || 组件可处理多维数据、图层叠加和校准显示，适合多维科学数据显示场景。,low
P-600109,实验仪表板远程交互与界面控制,Remote Experimental Dashboard Interaction & UI Control,experimental_scene,tag_additions_proposed.csv,该组件直接面向实验仪表板字段读写、确认按钮触发和界面自动化。,low
P-1104,实验数据目录存储与资源管理,Experimental Data Directory Storage & Resource Management,experimental_scene,tag_additions_proposed.csv,该组件直接处理目录成员枚举、查找、上传和发送，符合目录资源管理场景。,low
P-990001,无线网络接入与设备联网配置,Wireless Network Access & Device Networking Configuration,experimental_scene,tag_additions_proposed.csv,该模型专门封装SSID、安全方式、IP、网关和DNS等联网参数。 || 该模型围绕SSID、IP、网关、DNS和安全方式组织无线联网参数。,low
P-13004,机器人运动规划与任务编排,Robot Motion Planning & Task Orchestration,experimental_scene,tag_additions_proposed.csv,该节点用于目标组合、顺序执行、约束叠加和监视条件组织，明显属于机器人运动规划与任务编排场景。,low
P-20010,科学数据存储与归档,Scientific Data Storage & Archiving,experimental_scene,tag_additions_proposed.csv,描述集中在实验结果按层级保存、属性记录和长期归档。,low
P-99020004,红外热成像与热帧采集,Infrared Thermal Imaging & Thermal Frame Acquisition,experimental_scene,tag_additions_proposed.csv,该模块支持热帧初始化、更新和批量读取，典型用于红外热成像与热帧采集场景。,low
P-11001,超声成像与多普勒流动监测,Ultrasound Imaging & Doppler Flow Monitoring,experimental_scene,tag_additions_proposed.csv,该设备同时支持常规超声成像和多普勒相关采集，场景上比通用成像更贴切。,low
P-20008,载荷与应变片信号采集,Load Cell & Strain Gauge Signal Acquisition,experimental_scene,tag_additions_proposed.csv,描述直接提到载荷/应变片类传感器接入、清零、偏置和连续数据采集。,low
P-13008,通用数字输入输出与状态检测,Generic Digital I/O & State Detection,experimental_scene,tag_additions_proposed.csv,该类设备用于按钮、开关、指示灯和逻辑电平传感器的状态读取与简单控制，符合数字I/O与状态检测场景。,low
P-2014,高光谱成像与反射/辐射表征,Hyperspectral Imaging & Reflectance/Radiance Characterization,experimental_scene,tag_additions_proposed.csv,描述中明确提到高光谱成像、样品筛查以及反射/辐射成像。,low
