registry_key,output_file_path,source_family,source_info_path,source_registry_path,name_blank,name_en_blank,description_blank,description_en_blank,action_count_written
bioyond_cell,/home/xzye/projects/DPTech/device_filtering_biology/final/reformatted_info_yaml/info_bioyond_cell.yaml,existing_devices_info,/home/xzye/projects/DPTech/community_drivers/Uni-Lab-OS/existing_devices_info/info_extracted/bioyond_cell.bioyond_cell_info.txt,/home/xzye/projects/DPTech/community_drivers/Uni-Lab-OS/unilabos/registry/devices/bioyond_cell.yaml,false,false,false,true,29
bioyond_dispensing_station,/home/xzye/projects/DPTech/device_filtering_biology/final/reformatted_info_yaml/info_bioyond_dispensing_station.yaml,existing_devices_info,/home/xzye/projects/DPTech/community_drivers/Uni-Lab-OS/existing_devices_info/info_extracted/bioyond_dispensing_station.bioyond_dispensing_station_info.txt,/home/xzye/projects/DPTech/community_drivers/Uni-Lab-OS/unilabos/registry/devices/bioyond_dispensing_station.yaml,false,false,false,true,13
hplc.agilent,/home/xzye/projects/DPTech/device_filtering_biology/final/reformatted_info_yaml/info_hplc.agilent.yaml,existing_devices_info,/home/xzye/projects/DPTech/community_drivers/Uni-Lab-OS/existing_devices_info/info_extracted/characterization_chromatic.hplc.agilent_info.txt,/home/xzye/projects/DPTech/community_drivers/Uni-Lab-OS/unilabos/registry/devices/characterization_chromatic.yaml,false,false,false,true,6
hplc.agilent-zhida,/home/xzye/projects/DPTech/device_filtering_biology/final/reformatted_info_yaml/info_hplc.agilent-zhida.yaml,existing_devices_info,/home/xzye/projects/DPTech/community_drivers/Uni-Lab-OS/existing_devices_info/info_extracted/characterization_chromatic.hplc.agilent-zhida_info.txt,/home/xzye/projects/DPTech/community_drivers/Uni-Lab-OS/unilabos/registry/devices/characterization_chromatic.yaml,false,false,false,true,5
liquid_handler,/home/xzye/projects/DPTech/device_filtering_biology/final/reformatted_info_yaml/info_liquid_handler.yaml,existing_devices_info,/home/xzye/projects/DPTech/community_drivers/Uni-Lab-OS/existing_devices_info/info_extracted/liquid_handler.liquid_handler_info.txt,/home/xzye/projects/DPTech/community_drivers/Uni-Lab-OS/unilabos/registry/devices/liquid_handler.yaml,false,false,false,true,29
liquid_handler.biomek,/home/xzye/projects/DPTech/device_filtering_biology/final/reformatted_info_yaml/info_liquid_handler.biomek.yaml,existing_devices_info,/home/xzye/projects/DPTech/community_drivers/Uni-Lab-OS/existing_devices_info/info_extracted/liquid_handler.liquid_handler.biomek_info.txt,/home/xzye/projects/DPTech/community_drivers/Uni-Lab-OS/unilabos/registry/devices/liquid_handler.yaml,false,false,false,true,10
liquid_handler.laiyu,/home/xzye/projects/DPTech/device_filtering_biology/final/reformatted_info_yaml/info_liquid_handler.laiyu.yaml,existing_devices_info,/home/xzye/projects/DPTech/community_drivers/Uni-Lab-OS/existing_devices_info/info_extracted/liquid_handler.liquid_handler.laiyu_info.txt,/home/xzye/projects/DPTech/community_drivers/Uni-Lab-OS/unilabos/registry/devices/liquid_handler.yaml,false,false,false,true,7
liquid_handler.prcxi,/home/xzye/projects/DPTech/device_filtering_biology/final/reformatted_info_yaml/info_liquid_handler.prcxi.yaml,existing_devices_info,/home/xzye/projects/DPTech/community_drivers/Uni-Lab-OS/existing_devices_info/info_extracted/liquid_handler.liquid_handler.prcxi_info.txt,/home/xzye/projects/DPTech/community_drivers/Uni-Lab-OS/unilabos/registry/devices/liquid_handler.yaml,false,false,false,true,24
liquid_handler.revvity,/home/xzye/projects/DPTech/device_filtering_biology/final/reformatted_info_yaml/info_liquid_handler.revvity.yaml,existing_devices_info,/home/xzye/projects/DPTech/community_drivers/Uni-Lab-OS/existing_devices_info/info_extracted/liquid_handler.liquid_handler.revvity_info.txt,/home/xzye/projects/DPTech/community_drivers/Uni-Lab-OS/unilabos/registry/devices/liquid_handler.yaml,false,false,false,true,1
a4_s_backend,/home/xzye/projects/DPTech/device_filtering_biology/final/reformatted_info_yaml/info_a4_s_backend.yaml,community_drivers,/home/xzye/projects/DPTech/community_drivers/Uni-Lab-OS/community_drivers/a4_s_backend/info.txt,/home/xzye/projects/DPTech/community_drivers/Uni-Lab-OS/community_drivers/a4_s_backend/registry.yaml,false,false,false,false,13
aa_opto_mds,/home/xzye/projects/DPTech/device_filtering_biology/final/reformatted_info_yaml/info_aa_opto_mds.yaml,community_drivers,/home/xzye/projects/DPTech/community_drivers/Uni-Lab-OS/community_drivers/aa_opto_mds/info.txt,/home/xzye/projects/DPTech/community_drivers/Uni-Lab-OS/community_drivers/aa_opto_mds/registry.yaml,false,false,false,false,10
_asi_controller,/home/xzye/projects/DPTech/device_filtering_biology/final/reformatted_info_yaml/info__asi_controller.yaml,community_drivers,/home/xzye/projects/DPTech/community_drivers/Uni-Lab-OS/community_drivers/_asi_controller/info.txt,/home/xzye/projects/DPTech/community_drivers/Uni-Lab-OS/community_drivers/_asi_controller/registry.yaml,false,false,false,false,25
tiger_controller,/home/xzye/projects/DPTech/device_filtering_biology/final/reformatted_info_yaml/info_tiger_controller.yaml,community_drivers,/home/xzye/projects/DPTech/community_drivers/Uni-Lab-OS/community_drivers/tiger_controller/info.txt,/home/xzye/projects/DPTech/community_drivers/Uni-Lab-OS/community_drivers/tiger_controller/registry.yaml,false,false,false,false,52
bio_tek_plate_reader_backend,/home/xzye/projects/DPTech/device_filtering_biology/final/reformatted_info_yaml/info_bio_tek_plate_reader_backend.yaml,community_drivers,/home/xzye/projects/DPTech/community_drivers/Uni-Lab-OS/community_drivers/bio_tek_plate_reader_backend/info.txt,/home/xzye/projects/DPTech/community_drivers/Uni-Lab-OS/community_drivers/bio_tek_plate_reader_backend/registry.yaml,false,false,false,false,25
neo,/home/xzye/projects/DPTech/device_filtering_biology/final/reformatted_info_yaml/info_neo.yaml,community_drivers,/home/xzye/projects/DPTech/community_drivers/Uni-Lab-OS/community_drivers/neo/info.txt,/home/xzye/projects/DPTech/community_drivers/Uni-Lab-OS/community_drivers/neo/registry.yaml,false,false,false,false,10
skeleton_camera,/home/xzye/projects/DPTech/device_filtering_biology/final/reformatted_info_yaml/info_skeleton_camera.yaml,community_drivers,/home/xzye/projects/DPTech/community_drivers/Uni-Lab-OS/community_drivers/skeleton_camera/info.txt,/home/xzye/projects/DPTech/community_drivers/Uni-Lab-OS/community_drivers/skeleton_camera/registry.yaml,false,false,false,false,50
a_pump,/home/xzye/projects/DPTech/device_filtering_biology/final/reformatted_info_yaml/info_a_pump.yaml,community_drivers,/home/xzye/projects/DPTech/community_drivers/Uni-Lab-OS/community_drivers/a_pump/info.txt,/home/xzye/projects/DPTech/community_drivers/Uni-Lab-OS/community_drivers/a_pump/registry.yaml,false,false,false,false,16
incubator,/home/xzye/projects/DPTech/device_filtering_biology/final/reformatted_info_yaml/info_incubator.yaml,community_drivers,/home/xzye/projects/DPTech/community_drivers/Uni-Lab-OS/community_drivers/incubator/info.txt,/home/xzye/projects/DPTech/community_drivers/Uni-Lab-OS/community_drivers/incubator/registry.yaml,false,false,false,false,16
bi_talino,/home/xzye/projects/DPTech/device_filtering_biology/final/reformatted_info_yaml/info_bi_talino.yaml,community_drivers,/home/xzye/projects/DPTech/community_drivers/Uni-Lab-OS/community_drivers/bi_talino/info.txt,/home/xzye/projects/DPTech/community_drivers/Uni-Lab-OS/community_drivers/bi_talino/registry.yaml,false,false,false,false,5
bio_shake,/home/xzye/projects/DPTech/device_filtering_biology/final/reformatted_info_yaml/info_bio_shake.yaml,community_drivers,/home/xzye/projects/DPTech/community_drivers/Uni-Lab-OS/community_drivers/bio_shake/info.txt,/home/xzye/projects/DPTech/community_drivers/Uni-Lab-OS/community_drivers/bio_shake/registry.yaml,false,false,false,false,13
bioshake_driver,/home/xzye/projects/DPTech/device_filtering_biology/final/reformatted_info_yaml/info_bioshake_driver.yaml,community_drivers,/home/xzye/projects/DPTech/community_drivers/Uni-Lab-OS/community_drivers/bioshake_driver/info.txt,/home/xzye/projects/DPTech/community_drivers/Uni-Lab-OS/community_drivers/bioshake_driver/registry.yaml,false,false,false,false,7
cytation_backend,/home/xzye/projects/DPTech/device_filtering_biology/final/reformatted_info_yaml/info_cytation_backend.yaml,community_drivers,/home/xzye/projects/DPTech/community_drivers/Uni-Lab-OS/community_drivers/cytation_backend/info.txt,/home/xzye/projects/DPTech/community_drivers/Uni-Lab-OS/community_drivers/cytation_backend/registry.yaml,false,false,false,false,17
byonoy_absorbance96_automate_backend,/home/xzye/projects/DPTech/device_filtering_biology/final/reformatted_info_yaml/info_byonoy_absorbance96_automate_backend.yaml,community_drivers,/home/xzye/projects/DPTech/community_drivers/Uni-Lab-OS/community_drivers/byonoy_absorbance96_automate_backend/info.txt,/home/xzye/projects/DPTech/community_drivers/Uni-Lab-OS/community_drivers/byonoy_absorbance96_automate_backend/registry.yaml,false,false,false,false,7
clari_ostar_backend,/home/xzye/projects/DPTech/device_filtering_biology/final/reformatted_info_yaml/info_clari_ostar_backend.yaml,community_drivers,/home/xzye/projects/DPTech/community_drivers/Uni-Lab-OS/community_drivers/clari_ostar_backend/info.txt,/home/xzye/projects/DPTech/community_drivers/Uni-Lab-OS/community_drivers/clari_ostar_backend/registry.yaml,false,false,false,false,13
coherent,/home/xzye/projects/DPTech/device_filtering_biology/final/reformatted_info_yaml/info_coherent.yaml,community_drivers,/home/xzye/projects/DPTech/community_drivers/Uni-Lab-OS/community_drivers/coherent/info.txt,/home/xzye/projects/DPTech/community_drivers/Uni-Lab-OS/community_drivers/coherent/registry.yaml,false,false,false,false,19
cool_led,/home/xzye/projects/DPTech/device_filtering_biology/final/reformatted_info_yaml/info_cool_led.yaml,community_drivers,/home/xzye/projects/DPTech/community_drivers/Uni-Lab-OS/community_drivers/cool_led/info.txt,/home/xzye/projects/DPTech/community_drivers/Uni-Lab-OS/community_drivers/cool_led/registry.yaml,false,false,false,false,1
cytomat_backend,/home/xzye/projects/DPTech/device_filtering_biology/final/reformatted_info_yaml/info_cytomat_backend.yaml,community_drivers,/home/xzye/projects/DPTech/community_drivers/Uni-Lab-OS/community_drivers/cytomat_backend/info.txt,/home/xzye/projects/DPTech/community_drivers/Uni-Lab-OS/community_drivers/cytomat_backend/registry.yaml,false,false,false,false,43
piezo_e255,/home/xzye/projects/DPTech/device_filtering_biology/final/reformatted_info_yaml/info_piezo_e255.yaml,community_drivers,/home/xzye/projects/DPTech/community_drivers/Uni-Lab-OS/community_drivers/piezo_e255/info.txt,/home/xzye/projects/DPTech/community_drivers/Uni-Lab-OS/community_drivers/piezo_e255/registry.yaml,false,false,false,false,7
piezo_e662,/home/xzye/projects/DPTech/device_filtering_biology/final/reformatted_info_yaml/info_piezo_e662.yaml,community_drivers,/home/xzye/projects/DPTech/community_drivers/Uni-Lab-OS/community_drivers/piezo_e662/info.txt,/home/xzye/projects/DPTech/community_drivers/Uni-Lab-OS/community_drivers/piezo_e662/registry.yaml,false,false,false,false,7
mu_xelve,/home/xzye/projects/DPTech/device_filtering_biology/final/reformatted_info_yaml/info_mu_xelve.yaml,community_drivers,/home/xzye/projects/DPTech/community_drivers/Uni-Lab-OS/community_drivers/mu_xelve/info.txt,/home/xzye/projects/DPTech/community_drivers/Uni-Lab-OS/community_drivers/mu_xelve/registry.yaml,false,false,false,false,7
ob1elve,/home/xzye/projects/DPTech/device_filtering_biology/final/reformatted_info_yaml/info_ob1elve.yaml,community_drivers,/home/xzye/projects/DPTech/community_drivers/Uni-Lab-OS/community_drivers/ob1elve/info.txt,/home/xzye/projects/DPTech/community_drivers/Uni-Lab-OS/community_drivers/ob1elve/registry.yaml,false,false,false,false,20
fire_sting,/home/xzye/projects/DPTech/device_filtering_biology/final/reformatted_info_yaml/info_fire_sting.yaml,community_drivers,/home/xzye/projects/DPTech/community_drivers/Uni-Lab-OS/community_drivers/fire_sting/info.txt,/home/xzye/projects/DPTech/community_drivers/Uni-Lab-OS/community_drivers/fire_sting/registry.yaml,false,false,false,false,7
pyro_io,/home/xzye/projects/DPTech/device_filtering_biology/final/reformatted_info_yaml/info_pyro_io.yaml,community_drivers,/home/xzye/projects/DPTech/community_drivers/Uni-Lab-OS/community_drivers/pyro_io/info.txt,/home/xzye/projects/DPTech/community_drivers/Uni-Lab-OS/community_drivers/pyro_io/registry.yaml,false,false,false,false,46
gsioc,/home/xzye/projects/DPTech/device_filtering_biology/final/reformatted_info_yaml/info_gsioc.yaml,community_drivers,/home/xzye/projects/DPTech/community_drivers/Uni-Lab-OS/community_drivers/gsioc/info.txt,/home/xzye/projects/DPTech/community_drivers/Uni-Lab-OS/community_drivers/gsioc/registry.yaml,false,false,false,false,5
graphic,/home/xzye/projects/DPTech/device_filtering_biology/final/reformatted_info_yaml/info_graphic.yaml,community_drivers,/home/xzye/projects/DPTech/community_drivers/Uni-Lab-OS/community_drivers/graphic/info.txt,/home/xzye/projects/DPTech/community_drivers/Uni-Lab-OS/community_drivers/graphic/registry.yaml,false,false,false,false,45
star_backend,/home/xzye/projects/DPTech/device_filtering_biology/final/reformatted_info_yaml/info_star_backend.yaml,community_drivers,/home/xzye/projects/DPTech/community_drivers/Uni-Lab-OS/community_drivers/star_backend/info.txt,/home/xzye/projects/DPTech/community_drivers/Uni-Lab-OS/community_drivers/star_backend/registry.yaml,false,false,false,false,277
vantage_backend,/home/xzye/projects/DPTech/device_filtering_biology/final/reformatted_info_yaml/info_vantage_backend.yaml,community_drivers,/home/xzye/projects/DPTech/community_drivers/Uni-Lab-OS/community_drivers/vantage_backend/info.txt,/home/xzye/projects/DPTech/community_drivers/Uni-Lab-OS/community_drivers/vantage_backend/registry.yaml,false,false,false,false,106
hamilton_tcp_backend,/home/xzye/projects/DPTech/device_filtering_biology/final/reformatted_info_yaml/info_hamilton_tcp_backend.yaml,community_drivers,/home/xzye/projects/DPTech/community_drivers/Uni-Lab-OS/community_drivers/hamilton_tcp_backend/info.txt,/home/xzye/projects/DPTech/community_drivers/Uni-Lab-OS/community_drivers/hamilton_tcp_backend/registry.yaml,false,false,false,false,9
heraeus_cytomat_backend,/home/xzye/projects/DPTech/device_filtering_biology/final/reformatted_info_yaml/info_heraeus_cytomat_backend.yaml,community_drivers,/home/xzye/projects/DPTech/community_drivers/Uni-Lab-OS/community_drivers/heraeus_cytomat_backend/info.txt,/home/xzye/projects/DPTech/community_drivers/Uni-Lab-OS/community_drivers/heraeus_cytomat_backend/registry.yaml,false,false,false,false,16
inheco_incubator_shaker_stack_backend,/home/xzye/projects/DPTech/device_filtering_biology/final/reformatted_info_yaml/info_inheco_incubator_shaker_stack_backend.yaml,community_drivers,/home/xzye/projects/DPTech/community_drivers/Uni-Lab-OS/community_drivers/inheco_incubator_shaker_stack_backend/info.txt,/home/xzye/projects/DPTech/community_drivers/Uni-Lab-OS/community_drivers/inheco_incubator_shaker_stack_backend/registry.yaml,false,false,false,false,70
incubator_shaker_stack,/home/xzye/projects/DPTech/device_filtering_biology/final/reformatted_info_yaml/info_incubator_shaker_stack.yaml,community_drivers,/home/xzye/projects/DPTech/community_drivers/Uni-Lab-OS/community_drivers/incubator_shaker_stack/info.txt,/home/xzye/projects/DPTech/community_drivers/Uni-Lab-OS/community_drivers/incubator_shaker_stack/registry.yaml,false,false,false,false,11
inheco_incubator_shaker_unit,/home/xzye/projects/DPTech/device_filtering_biology/final/reformatted_info_yaml/info_inheco_incubator_shaker_unit.yaml,community_drivers,/home/xzye/projects/DPTech/community_drivers/Uni-Lab-OS/community_drivers/inheco_incubator_shaker_unit/info.txt,/home/xzye/projects/DPTech/community_drivers/Uni-Lab-OS/community_drivers/inheco_incubator_shaker_unit/registry.yaml,false,false,false,false,68
ndram_dataset_java,/home/xzye/projects/DPTech/device_filtering_biology/final/reformatted_info_yaml/info_ndram_dataset_java.yaml,community_drivers,/home/xzye/projects/DPTech/community_drivers/Uni-Lab-OS/community_drivers/ndram_dataset_java/info.txt,/home/xzye/projects/DPTech/community_drivers/Uni-Lab-OS/community_drivers/ndram_dataset_java/registry.yaml,false,false,false,false,6
doppler,/home/xzye/projects/DPTech/device_filtering_biology/final/reformatted_info_yaml/info_doppler.yaml,community_drivers,/home/xzye/projects/DPTech/community_drivers/Uni-Lab-OS/community_drivers/doppler/info.txt,/home/xzye/projects/DPTech/community_drivers/Uni-Lab-OS/community_drivers/doppler/registry.yaml,false,false,false,false,37
localisation_rule,/home/xzye/projects/DPTech/device_filtering_biology/final/reformatted_info_yaml/info_localisation_rule.yaml,community_drivers,/home/xzye/projects/DPTech/community_drivers/Uni-Lab-OS/community_drivers/localisation_rule/info.txt,/home/xzye/projects/DPTech/community_drivers/Uni-Lab-OS/community_drivers/localisation_rule/registry.yaml,false,false,false,false,2
minipump,/home/xzye/projects/DPTech/device_filtering_biology/final/reformatted_info_yaml/info_minipump.yaml,community_drivers,/home/xzye/projects/DPTech/community_drivers/Uni-Lab-OS/community_drivers/minipump/info.txt,/home/xzye/projects/DPTech/community_drivers/Uni-Lab-OS/community_drivers/minipump/registry.yaml,false,false,false,false,5
plate_reader,/home/xzye/projects/DPTech/device_filtering_biology/final/reformatted_info_yaml/info_plate_reader.yaml,community_drivers,/home/xzye/projects/DPTech/community_drivers/Uni-Lab-OS/community_drivers/plate_reader/info.txt,/home/xzye/projects/DPTech/community_drivers/Uni-Lab-OS/community_drivers/plate_reader/registry.yaml,false,false,false,false,8
molecular_devices_backend,/home/xzye/projects/DPTech/device_filtering_biology/final/reformatted_info_yaml/info_molecular_devices_backend.yaml,community_drivers,/home/xzye/projects/DPTech/community_drivers/Uni-Lab-OS/community_drivers/molecular_devices_backend/info.txt,/home/xzye/projects/DPTech/community_drivers/Uni-Lab-OS/community_drivers/molecular_devices_backend/registry.yaml,false,false,false,false,19
bx2_a,/home/xzye/projects/DPTech/device_filtering_biology/final/reformatted_info_yaml/info_bx2_a.yaml,community_drivers,/home/xzye/projects/DPTech/community_drivers/Uni-Lab-OS/community_drivers/bx2_a/info.txt,/home/xzye/projects/DPTech/community_drivers/Uni-Lab-OS/community_drivers/bx2_a/registry.yaml,false,false,false,false,8
ixbx,/home/xzye/projects/DPTech/device_filtering_biology/final/reformatted_info_yaml/info_ixbx.yaml,community_drivers,/home/xzye/projects/DPTech/community_drivers/Uni-Lab-OS/community_drivers/ixbx/info.txt,/home/xzye/projects/DPTech/community_drivers/Uni-Lab-OS/community_drivers/ixbx/registry.yaml,false,false,false,false,10
ix2,/home/xzye/projects/DPTech/device_filtering_biology/final/reformatted_info_yaml/info_ix2.yaml,community_drivers,/home/xzye/projects/DPTech/community_drivers/Uni-Lab-OS/community_drivers/ix2/info.txt,/home/xzye/projects/DPTech/community_drivers/Uni-Lab-OS/community_drivers/ix2/registry.yaml,false,false,false,false,8
olympus_ix81_halogen_lamp,/home/xzye/projects/DPTech/device_filtering_biology/final/reformatted_info_yaml/info_olympus_ix81_halogen_lamp.yaml,community_drivers,/home/xzye/projects/DPTech/community_drivers/Uni-Lab-OS/community_drivers/olympus_ix81_halogen_lamp/info.txt,/home/xzye/projects/DPTech/community_drivers/Uni-Lab-OS/community_drivers/olympus_ix81_halogen_lamp/registry.yaml,false,false,false,false,3
open_bci_board,/home/xzye/projects/DPTech/device_filtering_biology/final/reformatted_info_yaml/info_open_bci_board.yaml,community_drivers,/home/xzye/projects/DPTech/community_drivers/Uni-Lab-OS/community_drivers/open_bci_board/info.txt,/home/xzye/projects/DPTech/community_drivers/Uni-Lab-OS/community_drivers/open_bci_board/registry.yaml,false,false,false,false,20
streamer_lsl,/home/xzye/projects/DPTech/device_filtering_biology/final/reformatted_info_yaml/info_streamer_lsl.yaml,community_drivers,/home/xzye/projects/DPTech/community_drivers/Uni-Lab-OS/community_drivers/streamer_lsl/info.txt,/home/xzye/projects/DPTech/community_drivers/Uni-Lab-OS/community_drivers/streamer_lsl/registry.yaml,false,false,false,false,10
atc_backend,/home/xzye/projects/DPTech/device_filtering_biology/final/reformatted_info_yaml/info_atc_backend.yaml,community_drivers,/home/xzye/projects/DPTech/community_drivers/Uni-Lab-OS/community_drivers/atc_backend/info.txt,/home/xzye/projects/DPTech/community_drivers/Uni-Lab-OS/community_drivers/atc_backend/registry.yaml,false,false,false,false,2
opentrons_thermocycler_usb_backend,/home/xzye/projects/DPTech/device_filtering_biology/final/reformatted_info_yaml/info_opentrons_thermocycler_usb_backend.yaml,community_drivers,/home/xzye/projects/DPTech/community_drivers/Uni-Lab-OS/community_drivers/opentrons_thermocycler_usb_backend/info.txt,/home/xzye/projects/DPTech/community_drivers/Uni-Lab-OS/community_drivers/opentrons_thermocycler_usb_backend/registry.yaml,false,false,false,false,25
opentrons_thermocycler_backend,/home/xzye/projects/DPTech/device_filtering_biology/final/reformatted_info_yaml/info_opentrons_thermocycler_backend.yaml,community_drivers,/home/xzye/projects/DPTech/community_drivers/Uni-Lab-OS/community_drivers/opentrons_thermocycler_backend/info.txt,/home/xzye/projects/DPTech/community_drivers/Uni-Lab-OS/community_drivers/opentrons_thermocycler_backend/registry.yaml,false,false,false,false,20
ptc,/home/xzye/projects/DPTech/device_filtering_biology/final/reformatted_info_yaml/info_ptc.yaml,community_drivers,/home/xzye/projects/DPTech/community_drivers/Uni-Lab-OS/community_drivers/ptc/info.txt,/home/xzye/projects/DPTech/community_drivers/Uni-Lab-OS/community_drivers/ptc/registry.yaml,false,false,false,false,19
pro_scan_iii,/home/xzye/projects/DPTech/device_filtering_biology/final/reformatted_info_yaml/info_pro_scan_iii.yaml,community_drivers,/home/xzye/projects/DPTech/community_drivers/Uni-Lab-OS/community_drivers/pro_scan_iii/info.txt,/home/xzye/projects/DPTech/community_drivers/Uni-Lab-OS/community_drivers/pro_scan_iii/registry.yaml,false,false,false,false,1
__pro_scan_iii_connection,/home/xzye/projects/DPTech/device_filtering_biology/final/reformatted_info_yaml/info___pro_scan_iii_connection.yaml,community_drivers,/home/xzye/projects/DPTech/community_drivers/Uni-Lab-OS/community_drivers/__pro_scan_iii_connection/info.txt,/home/xzye/projects/DPTech/community_drivers/Uni-Lab-OS/community_drivers/__pro_scan_iii_connection/registry.yaml,false,false,false,false,13
thermo_fisher_thermocycler_backend,/home/xzye/projects/DPTech/device_filtering_biology/final/reformatted_info_yaml/info_thermo_fisher_thermocycler_backend.yaml,community_drivers,/home/xzye/projects/DPTech/community_drivers/Uni-Lab-OS/community_drivers/thermo_fisher_thermocycler_backend/info.txt,/home/xzye/projects/DPTech/community_drivers/Uni-Lab-OS/community_drivers/thermo_fisher_thermocycler_backend/registry.yaml,false,false,false,false,47
incubator_stx,/home/xzye/projects/DPTech/device_filtering_biology/final/reformatted_info_yaml/info_incubator_stx.yaml,community_drivers,/home/xzye/projects/DPTech/community_drivers/Uni-Lab-OS/community_drivers/incubator_stx/info.txt,/home/xzye/projects/DPTech/community_drivers/Uni-Lab-OS/community_drivers/incubator_stx/registry.yaml,false,false,false,false,7
spectra_iii_light_engine,/home/xzye/projects/DPTech/device_filtering_biology/final/reformatted_info_yaml/info_spectra_iii_light_engine.yaml,community_drivers,/home/xzye/projects/DPTech/community_drivers/Uni-Lab-OS/community_drivers/spectra_iii_light_engine/info.txt,/home/xzye/projects/DPTech/community_drivers/Uni-Lab-OS/community_drivers/spectra_iii_light_engine/registry.yaml,false,false,false,false,1
lambda103,/home/xzye/projects/DPTech/device_filtering_biology/final/reformatted_info_yaml/info_lambda103.yaml,community_drivers,/home/xzye/projects/DPTech/community_drivers/Uni-Lab-OS/community_drivers/lambda103/info.txt,/home/xzye/projects/DPTech/community_drivers/Uni-Lab-OS/community_drivers/lambda103/registry.yaml,false,false,false,false,10
li_ha,/home/xzye/projects/DPTech/device_filtering_biology/final/reformatted_info_yaml/info_li_ha.yaml,community_drivers,/home/xzye/projects/DPTech/community_drivers/Uni-Lab-OS/community_drivers/li_ha/info.txt,/home/xzye/projects/DPTech/community_drivers/Uni-Lab-OS/community_drivers/li_ha/registry.yaml,false,false,false,false,59
liquid_classes,/home/xzye/projects/DPTech/device_filtering_biology/final/reformatted_info_yaml/info_liquid_classes.yaml,community_drivers,/home/xzye/projects/DPTech/community_drivers/Uni-Lab-OS/community_drivers/liquid_classes/info.txt,/home/xzye/projects/DPTech/community_drivers/Uni-Lab-OS/community_drivers/liquid_classes/registry.yaml,false,false,false,false,58
thermocycler,/home/xzye/projects/DPTech/device_filtering_biology/final/reformatted_info_yaml/info_thermocycler.yaml,community_drivers,/home/xzye/projects/DPTech/community_drivers/Uni-Lab-OS/community_drivers/thermocycler/info.txt,/home/xzye/projects/DPTech/community_drivers/Uni-Lab-OS/community_drivers/thermocycler/registry.yaml,false,false,false,false,25
thorlabs_dc4100,/home/xzye/projects/DPTech/device_filtering_biology/final/reformatted_info_yaml/info_thorlabs_dc4100.yaml,community_drivers,/home/xzye/projects/DPTech/community_drivers/Uni-Lab-OS/community_drivers/thorlabs_dc4100/info.txt,/home/xzye/projects/DPTech/community_drivers/Uni-Lab-OS/community_drivers/thorlabs_dc4100/registry.yaml,false,false,false,false,10
thorlabs_fw212_c,/home/xzye/projects/DPTech/device_filtering_biology/final/reformatted_info_yaml/info_thorlabs_fw212_c.yaml,community_drivers,/home/xzye/projects/DPTech/community_drivers/Uni-Lab-OS/community_drivers/thorlabs_fw212_c/info.txt,/home/xzye/projects/DPTech/community_drivers/Uni-Lab-OS/community_drivers/thorlabs_fw212_c/registry.yaml,false,false,false,false,1
thorlabs_filter_wheel,/home/xzye/projects/DPTech/device_filtering_biology/final/reformatted_info_yaml/info_thorlabs_filter_wheel.yaml,community_drivers,/home/xzye/projects/DPTech/community_drivers/Uni-Lab-OS/community_drivers/thorlabs_filter_wheel/info.txt,/home/xzye/projects/DPTech/community_drivers/Uni-Lab-OS/community_drivers/thorlabs_filter_wheel/registry.yaml,false,false,false,false,1
__zaber_led_controller,/home/xzye/projects/DPTech/device_filtering_biology/final/reformatted_info_yaml/info___zaber_led_controller.yaml,community_drivers,/home/xzye/projects/DPTech/community_drivers/Uni-Lab-OS/community_drivers/__zaber_led_controller/info.txt,/home/xzye/projects/DPTech/community_drivers/Uni-Lab-OS/community_drivers/__zaber_led_controller/registry.yaml,false,false,false,false,1
i_chrome_mle,/home/xzye/projects/DPTech/device_filtering_biology/final/reformatted_info_yaml/info_i_chrome_mle.yaml,community_drivers,/home/xzye/projects/DPTech/community_drivers/Uni-Lab-OS/community_drivers/i_chrome_mle/info.txt,/home/xzye/projects/DPTech/community_drivers/Uni-Lab-OS/community_drivers/i_chrome_mle/registry.yaml,false,false,false,false,1
pipette_controller,/home/xzye/projects/DPTech/device_filtering_biology/final/reformatted_info_yaml/info_pipette_controller.yaml,community_drivers,/home/xzye/projects/DPTech/community_drivers/Uni-Lab-OS/community_drivers/pipette_controller/info.txt,/home/xzye/projects/DPTech/community_drivers/Uni-Lab-OS/community_drivers/pipette_controller/registry.yaml,false,false,false,false,16
robotic_arm.UR,/home/xzye/projects/DPTech/device_filtering_biology/final/reformatted_info_yaml/info_robotic_arm.UR.yaml,existing_devices_info,/home/xzye/projects/DPTech/community_drivers/Uni-Lab-OS/existing_devices_info/info_extracted/robot_arm.robotic_arm.UR_info.txt,/home/xzye/projects/DPTech/community_drivers/Uni-Lab-OS/unilabos/registry/devices/robot_arm.yaml,false,false,false,true,5
motor.iCL42,/home/xzye/projects/DPTech/device_filtering_biology/final/reformatted_info_yaml/info_motor.iCL42.yaml,existing_devices_info,/home/xzye/projects/DPTech/community_drivers/Uni-Lab-OS/existing_devices_info/info_extracted/robot_linear_motion.motor.iCL42_info.txt,/home/xzye/projects/DPTech/community_drivers/Uni-Lab-OS/unilabos/registry/devices/robot_linear_motion.yaml,false,false,false,true,4
chiller,/home/xzye/projects/DPTech/device_filtering_biology/final/reformatted_info_yaml/info_chiller.yaml,existing_devices_info,/home/xzye/projects/DPTech/community_drivers/Uni-Lab-OS/existing_devices_info/info_extracted/temperature.chiller_info.txt,/home/xzye/projects/DPTech/community_drivers/Uni-Lab-OS/unilabos/registry/devices/temperature.yaml,false,false,false,true,5
virtual_centrifuge,/home/xzye/projects/DPTech/device_filtering_biology/final/reformatted_info_yaml/info_virtual_centrifuge.yaml,existing_devices_info,/home/xzye/projects/DPTech/community_drivers/Uni-Lab-OS/existing_devices_info/info_extracted/virtual_device.virtual_centrifuge_info.txt,/home/xzye/projects/DPTech/community_drivers/Uni-Lab-OS/unilabos/registry/devices/virtual_device.yaml,false,false,false,true,3
python_microscopy__camera,/home/xzye/projects/DPTech/device_filtering_biology/final/reformatted_info_yaml/info_python_microscopy__camera.yaml,community_drivers,/home/xzye/projects/DPTech/community_drivers/Uni-Lab-OS/community_drivers/python_microscopy__camera/info.txt,/home/xzye/projects/DPTech/community_drivers/Uni-Lab-OS/community_drivers/python_microscopy__camera/registry.yaml,false,false,false,false,0
v_spin_backend,/home/xzye/projects/DPTech/device_filtering_biology/final/reformatted_info_yaml/info_v_spin_backend.yaml,community_drivers,/home/xzye/projects/DPTech/community_drivers/Uni-Lab-OS/community_drivers/v_spin_backend/info.txt,/home/xzye/projects/DPTech/community_drivers/Uni-Lab-OS/community_drivers/v_spin_backend/registry.yaml,false,false,false,false,31
access2_backend,/home/xzye/projects/DPTech/device_filtering_biology/final/reformatted_info_yaml/info_access2_backend.yaml,community_drivers,/home/xzye/projects/DPTech/community_drivers/Uni-Lab-OS/community_drivers/access2_backend/info.txt,/home/xzye/projects/DPTech/community_drivers/Uni-Lab-OS/community_drivers/access2_backend/registry.yaml,false,false,false,false,33
ccd,/home/xzye/projects/DPTech/device_filtering_biology/final/reformatted_info_yaml/info_ccd.yaml,community_drivers,/home/xzye/projects/DPTech/community_drivers/Uni-Lab-OS/community_drivers/ccd/info.txt,/home/xzye/projects/DPTech/community_drivers/Uni-Lab-OS/community_drivers/ccd/registry.yaml,false,false,false,false,152
andor,/home/xzye/projects/DPTech/device_filtering_biology/final/reformatted_info_yaml/info_andor.yaml,community_drivers,/home/xzye/projects/DPTech/community_drivers/Uni-Lab-OS/community_drivers/andor/info.txt,/home/xzye/projects/DPTech/community_drivers/Uni-Lab-OS/community_drivers/andor/registry.yaml,false,false,false,false,17
binder_mk53,/home/xzye/projects/DPTech/device_filtering_biology/final/reformatted_info_yaml/info_binder_mk53.yaml,community_drivers,/home/xzye/projects/DPTech/community_drivers/Uni-Lab-OS/community_drivers/binder_mk53/info.txt,/home/xzye/projects/DPTech/community_drivers/Uni-Lab-OS/community_drivers/binder_mk53/registry.yaml,false,false,false,false,8
binder_mk56,/home/xzye/projects/DPTech/device_filtering_biology/final/reformatted_info_yaml/info_binder_mk56.yaml,community_drivers,/home/xzye/projects/DPTech/community_drivers/Uni-Lab-OS/community_drivers/binder_mk56/info.txt,/home/xzye/projects/DPTech/community_drivers/Uni-Lab-OS/community_drivers/binder_mk56/registry.yaml,false,false,false,false,3
charge_coupled_device,/home/xzye/projects/DPTech/device_filtering_biology/final/reformatted_info_yaml/info_charge_coupled_device.yaml,community_drivers,/home/xzye/projects/DPTech/community_drivers/Uni-Lab-OS/community_drivers/charge_coupled_device/info.txt,/home/xzye/projects/DPTech/community_drivers/Uni-Lab-OS/community_drivers/charge_coupled_device/registry.yaml,false,false,false,false,22
cobalt_laser_e,/home/xzye/projects/DPTech/device_filtering_biology/final/reformatted_info_yaml/info_cobalt_laser_e.yaml,community_drivers,/home/xzye/projects/DPTech/community_drivers/Uni-Lab-OS/community_drivers/cobalt_laser_e/info.txt,/home/xzye/projects/DPTech/community_drivers/Uni-Lab-OS/community_drivers/cobalt_laser_e/registry.yaml,false,false,false,false,1
cobalt_laser,/home/xzye/projects/DPTech/device_filtering_biology/final/reformatted_info_yaml/info_cobalt_laser.yaml,community_drivers,/home/xzye/projects/DPTech/community_drivers/Uni-Lab-OS/community_drivers/cobalt_laser/info.txt,/home/xzye/projects/DPTech/community_drivers/Uni-Lab-OS/community_drivers/cobalt_laser/registry.yaml,false,false,false,false,6
cobolt0601_f2,/home/xzye/projects/DPTech/device_filtering_biology/final/reformatted_info_yaml/info_cobolt0601_f2.yaml,community_drivers,/home/xzye/projects/DPTech/community_drivers/Uni-Lab-OS/community_drivers/cobolt0601_f2/info.txt,/home/xzye/projects/DPTech/community_drivers/Uni-Lab-OS/community_drivers/cobolt0601_f2/registry.yaml,false,false,false,false,10
cobolt_laser,/home/xzye/projects/DPTech/device_filtering_biology/final/reformatted_info_yaml/info_cobolt_laser.yaml,community_drivers,/home/xzye/projects/DPTech/community_drivers/Uni-Lab-OS/community_drivers/cobolt_laser/info.txt,/home/xzye/projects/DPTech/community_drivers/Uni-Lab-OS/community_drivers/cobolt_laser/registry.yaml,false,false,false,false,2
coherent_obis_laser,/home/xzye/projects/DPTech/device_filtering_biology/final/reformatted_info_yaml/info_coherent_obis_laser.yaml,community_drivers,/home/xzye/projects/DPTech/community_drivers/Uni-Lab-OS/community_drivers/coherent_obis_laser/info.txt,/home/xzye/projects/DPTech/community_drivers/Uni-Lab-OS/community_drivers/coherent_obis_laser/registry.yaml,false,false,false,false,7
coherent_sapphire_laser,/home/xzye/projects/DPTech/device_filtering_biology/final/reformatted_info_yaml/info_coherent_sapphire_laser.yaml,community_drivers,/home/xzye/projects/DPTech/community_drivers/Uni-Lab-OS/community_drivers/coherent_sapphire_laser/info.txt,/home/xzye/projects/DPTech/community_drivers/Uni-Lab-OS/community_drivers/coherent_sapphire_laser/registry.yaml,false,false,false,false,11
daq_scan,/home/xzye/projects/DPTech/device_filtering_biology/final/reformatted_info_yaml/info_daq_scan.yaml,community_drivers,/home/xzye/projects/DPTech/community_drivers/Uni-Lab-OS/community_drivers/daq_scan/info.txt,/home/xzye/projects/DPTech/community_drivers/Uni-Lab-OS/community_drivers/daq_scan/registry.yaml,false,false,false,false,43
light_crafter,/home/xzye/projects/DPTech/device_filtering_biology/final/reformatted_info_yaml/info_light_crafter.yaml,community_drivers,/home/xzye/projects/DPTech/community_drivers/Uni-Lab-OS/community_drivers/light_crafter/info.txt,/home/xzye/projects/DPTech/community_drivers/Uni-Lab-OS/community_drivers/light_crafter/registry.yaml,false,false,false,false,22
fibsem,/home/xzye/projects/DPTech/device_filtering_biology/final/reformatted_info_yaml/info_fibsem.yaml,community_drivers,/home/xzye/projects/DPTech/community_drivers/Uni-Lab-OS/community_drivers/fibsem/info.txt,/home/xzye/projects/DPTech/community_drivers/Uni-Lab-OS/community_drivers/fibsem/registry.yaml,false,false,false,false,42
gripper,/home/xzye/projects/DPTech/device_filtering_biology/final/reformatted_info_yaml/info_gripper.yaml,community_drivers,/home/xzye/projects/DPTech/community_drivers/Uni-Lab-OS/community_drivers/gripper/info.txt,/home/xzye/projects/DPTech/community_drivers/Uni-Lab-OS/community_drivers/gripper/registry.yaml,false,false,false,false,20
fiber_shaker,/home/xzye/projects/DPTech/device_filtering_biology/final/reformatted_info_yaml/info_fiber_shaker.yaml,community_drivers,/home/xzye/projects/DPTech/community_drivers/Uni-Lab-OS/community_drivers/fiber_shaker/info.txt,/home/xzye/projects/DPTech/community_drivers/Uni-Lab-OS/community_drivers/fiber_shaker/registry.yaml,false,false,false,false,3
grbl_driver,/home/xzye/projects/DPTech/device_filtering_biology/final/reformatted_info_yaml/info_grbl_driver.yaml,community_drivers,/home/xzye/projects/DPTech/community_drivers/Uni-Lab-OS/community_drivers/grbl_driver/info.txt,/home/xzye/projects/DPTech/community_drivers/Uni-Lab-OS/community_drivers/grbl_driver/registry.yaml,false,false,false,false,25
grbl_controller,/home/xzye/projects/DPTech/device_filtering_biology/final/reformatted_info_yaml/info_grbl_controller.yaml,community_drivers,/home/xzye/projects/DPTech/community_drivers/Uni-Lab-OS/community_drivers/grbl_controller/info.txt,/home/xzye/projects/DPTech/community_drivers/Uni-Lab-OS/community_drivers/grbl_controller/registry.yaml,false,false,false,false,11
gsioc_interface,/home/xzye/projects/DPTech/device_filtering_biology/final/reformatted_info_yaml/info_gsioc_interface.yaml,community_drivers,/home/xzye/projects/DPTech/community_drivers/Uni-Lab-OS/community_drivers/gsioc_interface/info.txt,/home/xzye/projects/DPTech/community_drivers/Uni-Lab-OS/community_drivers/gsioc_interface/registry.yaml,false,false,false,false,6
gatan_socket,/home/xzye/projects/DPTech/device_filtering_biology/final/reformatted_info_yaml/info_gatan_socket.yaml,community_drivers,/home/xzye/projects/DPTech/community_drivers/Uni-Lab-OS/community_drivers/gatan_socket/info.txt,/home/xzye/projects/DPTech/community_drivers/Uni-Lab-OS/community_drivers/gatan_socket/registry.yaml,false,false,false,false,39
camera,/home/xzye/projects/DPTech/device_filtering_biology/final/reformatted_info_yaml/info_camera.yaml,community_drivers,/home/xzye/projects/DPTech/community_drivers/Uni-Lab-OS/community_drivers/camera/info.txt,/home/xzye/projects/DPTech/community_drivers/Uni-Lab-OS/community_drivers/camera/registry.yaml,false,false,false,false,27
harvester,/home/xzye/projects/DPTech/device_filtering_biology/final/reformatted_info_yaml/info_harvester.yaml,community_drivers,/home/xzye/projects/DPTech/community_drivers/Uni-Lab-OS/community_drivers/harvester/info.txt,/home/xzye/projects/DPTech/community_drivers/Uni-Lab-OS/community_drivers/harvester/registry.yaml,false,false,false,false,19
image_acquirer,/home/xzye/projects/DPTech/device_filtering_biology/final/reformatted_info_yaml/info_image_acquirer.yaml,community_drivers,/home/xzye/projects/DPTech/community_drivers/Uni-Lab-OS/community_drivers/image_acquirer/info.txt,/home/xzye/projects/DPTech/community_drivers/Uni-Lab-OS/community_drivers/image_acquirer/registry.yaml,false,false,false,false,33
camera_device,/home/xzye/projects/DPTech/device_filtering_biology/final/reformatted_info_yaml/info_camera_device.yaml,community_drivers,/home/xzye/projects/DPTech/community_drivers/Uni-Lab-OS/community_drivers/camera_device/info.txt,/home/xzye/projects/DPTech/community_drivers/Uni-Lab-OS/community_drivers/camera_device/registry.yaml,false,false,false,false,9
gev_device,/home/xzye/projects/DPTech/device_filtering_biology/final/reformatted_info_yaml/info_gev_device.yaml,community_drivers,/home/xzye/projects/DPTech/community_drivers/Uni-Lab-OS/community_drivers/gev_device/info.txt,/home/xzye/projects/DPTech/community_drivers/Uni-Lab-OS/community_drivers/gev_device/registry.yaml,false,false,false,false,9
hamamatsu_hardware,/home/xzye/projects/DPTech/device_filtering_biology/final/reformatted_info_yaml/info_hamamatsu_hardware.yaml,community_drivers,/home/xzye/projects/DPTech/community_drivers/Uni-Lab-OS/community_drivers/hamamatsu_hardware/info.txt,/home/xzye/projects/DPTech/community_drivers/Uni-Lab-OS/community_drivers/hamamatsu_hardware/registry.yaml,false,false,false,false,5
hamilton_heater_shaker_box,/home/xzye/projects/DPTech/device_filtering_biology/final/reformatted_info_yaml/info_hamilton_heater_shaker_box.yaml,community_drivers,/home/xzye/projects/DPTech/community_drivers/Uni-Lab-OS/community_drivers/hamilton_heater_shaker_box/info.txt,/home/xzye/projects/DPTech/community_drivers/Uni-Lab-OS/community_drivers/hamilton_heater_shaker_box/registry.yaml,false,false,false,false,13
hamilton_heater_shaker_backend,/home/xzye/projects/DPTech/device_filtering_biology/final/reformatted_info_yaml/info_hamilton_heater_shaker_backend.yaml,community_drivers,/home/xzye/projects/DPTech/community_drivers/Uni-Lab-OS/community_drivers/hamilton_heater_shaker_backend/info.txt,/home/xzye/projects/DPTech/community_drivers/Uni-Lab-OS/community_drivers/hamilton_heater_shaker_backend/registry.yaml,false,false,false,false,13
hamilton_tilt_module_backend,/home/xzye/projects/DPTech/device_filtering_biology/final/reformatted_info_yaml/info_hamilton_tilt_module_backend.yaml,community_drivers,/home/xzye/projects/DPTech/community_drivers/Uni-Lab-OS/community_drivers/hamilton_tilt_module_backend/info.txt,/home/xzye/projects/DPTech/community_drivers/Uni-Lab-OS/community_drivers/hamilton_tilt_module_backend/registry.yaml,false,false,false,false,23
pump,/home/xzye/projects/DPTech/device_filtering_biology/final/reformatted_info_yaml/info_pump.yaml,community_drivers,/home/xzye/projects/DPTech/community_drivers/Uni-Lab-OS/community_drivers/pump/info.txt,/home/xzye/projects/DPTech/community_drivers/Uni-Lab-OS/community_drivers/pump/registry.yaml,false,false,false,false,9
inheco_tec_control_box,/home/xzye/projects/DPTech/device_filtering_biology/final/reformatted_info_yaml/info_inheco_tec_control_box.yaml,community_drivers,/home/xzye/projects/DPTech/community_drivers/Uni-Lab-OS/community_drivers/inheco_tec_control_box/info.txt,/home/xzye/projects/DPTech/community_drivers/Uni-Lab-OS/community_drivers/inheco_tec_control_box/registry.yaml,false,false,false,false,5
inheco_thermoshake_backend,/home/xzye/projects/DPTech/device_filtering_biology/final/reformatted_info_yaml/info_inheco_thermoshake_backend.yaml,community_drivers,/home/xzye/projects/DPTech/community_drivers/Uni-Lab-OS/community_drivers/inheco_thermoshake_backend/info.txt,/home/xzye/projects/DPTech/community_drivers/Uni-Lab-OS/community_drivers/inheco_thermoshake_backend/registry.yaml,false,false,false,false,8
machine,/home/xzye/projects/DPTech/device_filtering_biology/final/reformatted_info_yaml/info_machine.yaml,community_drivers,/home/xzye/projects/DPTech/community_drivers/Uni-Lab-OS/community_drivers/machine/info.txt,/home/xzye/projects/DPTech/community_drivers/Uni-Lab-OS/community_drivers/machine/registry.yaml,false,false,false,false,38
centrifuge,/home/xzye/projects/DPTech/device_filtering_biology/final/reformatted_info_yaml/info_centrifuge.yaml,community_drivers,/home/xzye/projects/DPTech/community_drivers/Uni-Lab-OS/community_drivers/centrifuge/info.txt,/home/xzye/projects/DPTech/community_drivers/Uni-Lab-OS/community_drivers/centrifuge/registry.yaml,false,false,false,false,16
shaker,/home/xzye/projects/DPTech/device_filtering_biology/final/reformatted_info_yaml/info_shaker.yaml,community_drivers,/home/xzye/projects/DPTech/community_drivers/Uni-Lab-OS/community_drivers/shaker/info.txt,/home/xzye/projects/DPTech/community_drivers/Uni-Lab-OS/community_drivers/shaker/registry.yaml,false,false,false,false,5
lakeshore350,/home/xzye/projects/DPTech/device_filtering_biology/final/reformatted_info_yaml/info_lakeshore350.yaml,community_drivers,/home/xzye/projects/DPTech/community_drivers/Uni-Lab-OS/community_drivers/lakeshore350/info.txt,/home/xzye/projects/DPTech/community_drivers/Uni-Lab-OS/community_drivers/lakeshore350/registry.yaml,false,false,false,false,8
light_field_detector_cam,/home/xzye/projects/DPTech/device_filtering_biology/final/reformatted_info_yaml/info_light_field_detector_cam.yaml,community_drivers,/home/xzye/projects/DPTech/community_drivers/Uni-Lab-OS/community_drivers/light_field_detector_cam/info.txt,/home/xzye/projects/DPTech/community_drivers/Uni-Lab-OS/community_drivers/light_field_detector_cam/registry.yaml,false,false,false,false,1
liquid_level,/home/xzye/projects/DPTech/device_filtering_biology/final/reformatted_info_yaml/info_liquid_level.yaml,community_drivers,/home/xzye/projects/DPTech/community_drivers/Uni-Lab-OS/community_drivers/liquid_level/info.txt,/home/xzye/projects/DPTech/community_drivers/Uni-Lab-OS/community_drivers/liquid_level/registry.yaml,false,false,false,false,5
mc2000,/home/xzye/projects/DPTech/device_filtering_biology/final/reformatted_info_yaml/info_mc2000.yaml,community_drivers,/home/xzye/projects/DPTech/community_drivers/Uni-Lab-OS/community_drivers/mc2000/info.txt,/home/xzye/projects/DPTech/community_drivers/Uni-Lab-OS/community_drivers/mc2000/registry.yaml,false,false,false,false,11
mp285,/home/xzye/projects/DPTech/device_filtering_biology/final/reformatted_info_yaml/info_mp285.yaml,community_drivers,/home/xzye/projects/DPTech/community_drivers/Uni-Lab-OS/community_drivers/mp285/info.txt,/home/xzye/projects/DPTech/community_drivers/Uni-Lab-OS/community_drivers/mp285/registry.yaml,false,false,false,false,15
mpbcw_laser,/home/xzye/projects/DPTech/device_filtering_biology/final/reformatted_info_yaml/info_mpbcw_laser.yaml,community_drivers,/home/xzye/projects/DPTech/community_drivers/Uni-Lab-OS/community_drivers/mpbcw_laser/info.txt,/home/xzye/projects/DPTech/community_drivers/Uni-Lab-OS/community_drivers/mpbcw_laser/registry.yaml,false,false,false,false,9
masterflex_backend,/home/xzye/projects/DPTech/device_filtering_biology/final/reformatted_info_yaml/info_masterflex_backend.yaml,community_drivers,/home/xzye/projects/DPTech/community_drivers/Uni-Lab-OS/community_drivers/masterflex_backend/info.txt,/home/xzye/projects/DPTech/community_drivers/Uni-Lab-OS/community_drivers/masterflex_backend/registry.yaml,false,false,false,false,7
masterflex_serial,/home/xzye/projects/DPTech/device_filtering_biology/final/reformatted_info_yaml/info_masterflex_serial.yaml,community_drivers,/home/xzye/projects/DPTech/community_drivers/Uni-Lab-OS/community_drivers/masterflex_serial/info.txt,/home/xzye/projects/DPTech/community_drivers/Uni-Lab-OS/community_drivers/masterflex_serial/registry.yaml,false,false,false,false,31
matchbox_laser,/home/xzye/projects/DPTech/device_filtering_biology/final/reformatted_info_yaml/info_matchbox_laser.yaml,community_drivers,/home/xzye/projects/DPTech/community_drivers/Uni-Lab-OS/community_drivers/matchbox_laser/info.txt,/home/xzye/projects/DPTech/community_drivers/Uni-Lab-OS/community_drivers/matchbox_laser/registry.yaml,false,false,false,false,6
robot,/home/xzye/projects/DPTech/device_filtering_biology/final/reformatted_info_yaml/info_robot.yaml,community_drivers,/home/xzye/projects/DPTech/community_drivers/Uni-Lab-OS/community_drivers/robot/info.txt,/home/xzye/projects/DPTech/community_drivers/Uni-Lab-OS/community_drivers/robot/registry.yaml,false,false,false,false,294
robot_with_tools,/home/xzye/projects/DPTech/device_filtering_biology/final/reformatted_info_yaml/info_robot_with_tools.yaml,community_drivers,/home/xzye/projects/DPTech/community_drivers/Uni-Lab-OS/community_drivers/robot_with_tools/info.txt,/home/xzye/projects/DPTech/community_drivers/Uni-Lab-OS/community_drivers/robot_with_tools/registry.yaml,false,false,false,false,9
mercury_stepper,/home/xzye/projects/DPTech/device_filtering_biology/final/reformatted_info_yaml/info_mercury_stepper.yaml,community_drivers,/home/xzye/projects/DPTech/community_drivers/Uni-Lab-OS/community_drivers/mercury_stepper/info.txt,/home/xzye/projects/DPTech/community_drivers/Uni-Lab-OS/community_drivers/mercury_stepper/registry.yaml,false,false,false,false,20
mtsics,/home/xzye/projects/DPTech/device_filtering_biology/final/reformatted_info_yaml/info_mtsics.yaml,community_drivers,/home/xzye/projects/DPTech/community_drivers/Uni-Lab-OS/community_drivers/mtsics/info.txt,/home/xzye/projects/DPTech/community_drivers/Uni-Lab-OS/community_drivers/mtsics/registry.yaml,false,false,false,false,12
micro_fpga,/home/xzye/projects/DPTech/device_filtering_biology/final/reformatted_info_yaml/info_micro_fpga.yaml,community_drivers,/home/xzye/projects/DPTech/community_drivers/Uni-Lab-OS/community_drivers/micro_fpga/info.txt,/home/xzye/projects/DPTech/community_drivers/Uni-Lab-OS/community_drivers/micro_fpga/registry.yaml,false,false,false,false,40
peeler,/home/xzye/projects/DPTech/device_filtering_biology/final/reformatted_info_yaml/info_peeler.yaml,community_drivers,/home/xzye/projects/DPTech/community_drivers/Uni-Lab-OS/community_drivers/peeler/info.txt,/home/xzye/projects/DPTech/community_drivers/Uni-Lab-OS/community_drivers/peeler/registry.yaml,false,false,false,false,2
sealer,/home/xzye/projects/DPTech/device_filtering_biology/final/reformatted_info_yaml/info_sealer.yaml,community_drivers,/home/xzye/projects/DPTech/community_drivers/Uni-Lab-OS/community_drivers/sealer/info.txt,/home/xzye/projects/DPTech/community_drivers/Uni-Lab-OS/community_drivers/sealer/registry.yaml,false,false,false,false,5
data_source,/home/xzye/projects/DPTech/device_filtering_biology/final/reformatted_info_yaml/info_data_source.yaml,community_drivers,/home/xzye/projects/DPTech/community_drivers/Uni-Lab-OS/community_drivers/data_source/info.txt,/home/xzye/projects/DPTech/community_drivers/Uni-Lab-OS/community_drivers/data_source/registry.yaml,false,false,false,false,13
mighty_mini,/home/xzye/projects/DPTech/device_filtering_biology/final/reformatted_info_yaml/info_mighty_mini.yaml,community_drivers,/home/xzye/projects/DPTech/community_drivers/Uni-Lab-OS/community_drivers/mighty_mini/info.txt,/home/xzye/projects/DPTech/community_drivers/Uni-Lab-OS/community_drivers/mighty_mini/registry.yaml,false,false,false,false,3
filter_wheel,/home/xzye/projects/DPTech/device_filtering_biology/final/reformatted_info_yaml/info_filter_wheel.yaml,community_drivers,/home/xzye/projects/DPTech/community_drivers/Uni-Lab-OS/community_drivers/filter_wheel/info.txt,/home/xzye/projects/DPTech/community_drivers/Uni-Lab-OS/community_drivers/filter_wheel/registry.yaml,false,false,false,false,5
fw102_b,/home/xzye/projects/DPTech/device_filtering_biology/final/reformatted_info_yaml/info_fw102_b.yaml,community_drivers,/home/xzye/projects/DPTech/community_drivers/Uni-Lab-OS/community_drivers/fw102_b/info.txt,/home/xzye/projects/DPTech/community_drivers/Uni-Lab-OS/community_drivers/fw102_b/registry.yaml,false,false,false,false,2
motor_control,/home/xzye/projects/DPTech/device_filtering_biology/final/reformatted_info_yaml/info_motor_control.yaml,community_drivers,/home/xzye/projects/DPTech/community_drivers/Uni-Lab-OS/community_drivers/motor_control/info.txt,/home/xzye/projects/DPTech/community_drivers/Uni-Lab-OS/community_drivers/motor_control/registry.yaml,false,false,false,false,11
nano_scan,/home/xzye/projects/DPTech/device_filtering_biology/final/reformatted_info_yaml/info_nano_scan.yaml,community_drivers,/home/xzye/projects/DPTech/community_drivers/Uni-Lab-OS/community_drivers/nano_scan/info.txt,/home/xzye/projects/DPTech/community_drivers/Uni-Lab-OS/community_drivers/nano_scan/registry.yaml,false,false,false,false,21
nano_scan_z,/home/xzye/projects/DPTech/device_filtering_biology/final/reformatted_info_yaml/info_nano_scan_z.yaml,community_drivers,/home/xzye/projects/DPTech/community_drivers/Uni-Lab-OS/community_drivers/nano_scan_z/info.txt,/home/xzye/projects/DPTech/community_drivers/Uni-Lab-OS/community_drivers/nano_scan_z/registry.yaml,false,false,false,false,15
nano_scan_hw,/home/xzye/projects/DPTech/device_filtering_biology/final/reformatted_info_yaml/info_nano_scan_hw.yaml,community_drivers,/home/xzye/projects/DPTech/community_drivers/Uni-Lab-OS/community_drivers/nano_scan_hw/info.txt,/home/xzye/projects/DPTech/community_drivers/Uni-Lab-OS/community_drivers/nano_scan_hw/registry.yaml,false,false,false,false,15
esp300,/home/xzye/projects/DPTech/device_filtering_biology/final/reformatted_info_yaml/info_esp300.yaml,community_drivers,/home/xzye/projects/DPTech/community_drivers/Uni-Lab-OS/community_drivers/esp300/info.txt,/home/xzye/projects/DPTech/community_drivers/Uni-Lab-OS/community_drivers/esp300/registry.yaml,false,false,false,false,11
picomotor_stage,/home/xzye/projects/DPTech/device_filtering_biology/final/reformatted_info_yaml/info_picomotor_stage.yaml,community_drivers,/home/xzye/projects/DPTech/community_drivers/Uni-Lab-OS/community_drivers/picomotor_stage/info.txt,/home/xzye/projects/DPTech/community_drivers/Uni-Lab-OS/community_drivers/picomotor_stage/registry.yaml,false,false,false,false,7
next_gen_pump,/home/xzye/projects/DPTech/device_filtering_biology/final/reformatted_info_yaml/info_next_gen_pump.yaml,community_drivers,/home/xzye/projects/DPTech/community_drivers/Uni-Lab-OS/community_drivers/next_gen_pump/info.txt,/home/xzye/projects/DPTech/community_drivers/Uni-Lab-OS/community_drivers/next_gen_pump/registry.yaml,false,false,false,false,17
obis_laser,/home/xzye/projects/DPTech/device_filtering_biology/final/reformatted_info_yaml/info_obis_laser.yaml,community_drivers,/home/xzye/projects/DPTech/community_drivers/Uni-Lab-OS/community_drivers/obis_laser/info.txt,/home/xzye/projects/DPTech/community_drivers/Uni-Lab-OS/community_drivers/obis_laser/registry.yaml,false,false,false,false,6
open_flexure_stage,/home/xzye/projects/DPTech/device_filtering_biology/final/reformatted_info_yaml/info_open_flexure_stage.yaml,community_drivers,/home/xzye/projects/DPTech/community_drivers/Uni-Lab-OS/community_drivers/open_flexure_stage/info.txt,/home/xzye/projects/DPTech/community_drivers/Uni-Lab-OS/community_drivers/open_flexure_stage/registry.yaml,false,false,false,false,14
opentrons_temperature_module_usb_backend,/home/xzye/projects/DPTech/device_filtering_biology/final/reformatted_info_yaml/info_opentrons_temperature_module_usb_backend.yaml,community_drivers,/home/xzye/projects/DPTech/community_drivers/Uni-Lab-OS/community_drivers/opentrons_temperature_module_usb_backend/info.txt,/home/xzye/projects/DPTech/community_drivers/Uni-Lab-OS/community_drivers/opentrons_temperature_module_usb_backend/registry.yaml,false,false,false,false,6
sensicam,/home/xzye/projects/DPTech/device_filtering_biology/final/reformatted_info_yaml/info_sensicam.yaml,community_drivers,/home/xzye/projects/DPTech/community_drivers/Uni-Lab-OS/community_drivers/sensicam/info.txt,/home/xzye/projects/DPTech/community_drivers/Uni-Lab-OS/community_drivers/sensicam/registry.yaml,false,false,false,false,21
phd2000,/home/xzye/projects/DPTech/device_filtering_biology/final/reformatted_info_yaml/info_phd2000.yaml,community_drivers,/home/xzye/projects/DPTech/community_drivers/Uni-Lab-OS/community_drivers/phd2000/info.txt,/home/xzye/projects/DPTech/community_drivers/Uni-Lab-OS/community_drivers/phd2000/registry.yaml,false,false,false,false,2
piezo_c867_t,/home/xzye/projects/DPTech/device_filtering_biology/final/reformatted_info_yaml/info_piezo_c867_t.yaml,community_drivers,/home/xzye/projects/DPTech/community_drivers/Uni-Lab-OS/community_drivers/piezo_c867_t/info.txt,/home/xzye/projects/DPTech/community_drivers/Uni-Lab-OS/community_drivers/piezo_c867_t/registry.yaml,false,false,false,false,18
piezo_c867,/home/xzye/projects/DPTech/device_filtering_biology/final/reformatted_info_yaml/info_piezo_c867.yaml,community_drivers,/home/xzye/projects/DPTech/community_drivers/Uni-Lab-OS/community_drivers/piezo_c867/info.txt,/home/xzye/projects/DPTech/community_drivers/Uni-Lab-OS/community_drivers/piezo_c867/registry.yaml,false,false,false,false,15
piezo_e709,/home/xzye/projects/DPTech/device_filtering_biology/final/reformatted_info_yaml/info_piezo_e709.yaml,community_drivers,/home/xzye/projects/DPTech/community_drivers/Uni-Lab-OS/community_drivers/piezo_e709/info.txt,/home/xzye/projects/DPTech/community_drivers/Uni-Lab-OS/community_drivers/piezo_e709/registry.yaml,false,false,false,false,11
piezo_e709_t,/home/xzye/projects/DPTech/device_filtering_biology/final/reformatted_info_yaml/info_piezo_e709_t.yaml,community_drivers,/home/xzye/projects/DPTech/community_drivers/Uni-Lab-OS/community_drivers/piezo_e709_t/info.txt,/home/xzye/projects/DPTech/community_drivers/Uni-Lab-OS/community_drivers/piezo_e709_t/registry.yaml,false,false,false,false,17
piezo_e816,/home/xzye/projects/DPTech/device_filtering_biology/final/reformatted_info_yaml/info_piezo_e816.yaml,community_drivers,/home/xzye/projects/DPTech/community_drivers/Uni-Lab-OS/community_drivers/piezo_e816/info.txt,/home/xzye/projects/DPTech/community_drivers/Uni-Lab-OS/community_drivers/piezo_e816/registry.yaml,false,false,false,false,7
piezo_e816_t,/home/xzye/projects/DPTech/device_filtering_biology/final/reformatted_info_yaml/info_piezo_e816_t.yaml,community_drivers,/home/xzye/projects/DPTech/community_drivers/Uni-Lab-OS/community_drivers/piezo_e816_t/info.txt,/home/xzye/projects/DPTech/community_drivers/Uni-Lab-OS/community_drivers/piezo_e816_t/registry.yaml,false,false,false,false,16
piezo_e816b,/home/xzye/projects/DPTech/device_filtering_biology/final/reformatted_info_yaml/info_piezo_e816b.yaml,community_drivers,/home/xzye/projects/DPTech/community_drivers/Uni-Lab-OS/community_drivers/piezo_e816b/info.txt,/home/xzye/projects/DPTech/community_drivers/Uni-Lab-OS/community_drivers/piezo_e816b/registry.yaml,false,false,false,false,7
phoxx_laser,/home/xzye/projects/DPTech/device_filtering_biology/final/reformatted_info_yaml/info_phoxx_laser.yaml,community_drivers,/home/xzye/projects/DPTech/community_drivers/Uni-Lab-OS/community_drivers/phoxx_laser/info.txt,/home/xzye/projects/DPTech/community_drivers/Uni-Lab-OS/community_drivers/phoxx_laser/registry.yaml,false,false,false,false,8
priorarclampshutter,/home/xzye/projects/DPTech/device_filtering_biology/final/reformatted_info_yaml/info_priorarclampshutter.yaml,community_drivers,/home/xzye/projects/DPTech/community_drivers/Uni-Lab-OS/community_drivers/priorarclampshutter/info.txt,/home/xzye/projects/DPTech/community_drivers/Uni-Lab-OS/community_drivers/priorarclampshutter/registry.yaml,false,false,false,false,4
prior_lumen,/home/xzye/projects/DPTech/device_filtering_biology/final/reformatted_info_yaml/info_prior_lumen.yaml,community_drivers,/home/xzye/projects/DPTech/community_drivers/Uni-Lab-OS/community_drivers/prior_lumen/info.txt,/home/xzye/projects/DPTech/community_drivers/Uni-Lab-OS/community_drivers/prior_lumen/registry.yaml,false,false,false,false,3
prior,/home/xzye/projects/DPTech/device_filtering_biology/final/reformatted_info_yaml/info_prior.yaml,community_drivers,/home/xzye/projects/DPTech/community_drivers/Uni-Lab-OS/community_drivers/prior/info.txt,/home/xzye/projects/DPTech/community_drivers/Uni-Lab-OS/community_drivers/prior/registry.yaml,false,false,false,false,9
rest_pi_camera,/home/xzye/projects/DPTech/device_filtering_biology/final/reformatted_info_yaml/info_rest_pi_camera.yaml,community_drivers,/home/xzye/projects/DPTech/community_drivers/Uni-Lab-OS/community_drivers/rest_pi_camera/info.txt,/home/xzye/projects/DPTech/community_drivers/Uni-Lab-OS/community_drivers/rest_pi_camera/registry.yaml,false,false,false,false,12
camera_pi_cam,/home/xzye/projects/DPTech/device_filtering_biology/final/reformatted_info_yaml/info_camera_pi_cam.yaml,community_drivers,/home/xzye/projects/DPTech/community_drivers/Uni-Lab-OS/community_drivers/camera_pi_cam/info.txt,/home/xzye/projects/DPTech/community_drivers/Uni-Lab-OS/community_drivers/camera_pi_cam/registry.yaml,false,false,false,false,15
mx_valve,/home/xzye/projects/DPTech/device_filtering_biology/final/reformatted_info_yaml/info_mx_valve.yaml,community_drivers,/home/xzye/projects/DPTech/community_drivers/Uni-Lab-OS/community_drivers/mx_valve/info.txt,/home/xzye/projects/DPTech/community_drivers/Uni-Lab-OS/community_drivers/mx_valve/registry.yaml,false,false,false,false,8
gripper_controller,/home/xzye/projects/DPTech/device_filtering_biology/final/reformatted_info_yaml/info_gripper_controller.yaml,community_drivers,/home/xzye/projects/DPTech/community_drivers/Uni-Lab-OS/community_drivers/gripper_controller/info.txt,/home/xzye/projects/DPTech/community_drivers/Uni-Lab-OS/community_drivers/gripper_controller/registry.yaml,false,false,false,false,7
robotiq_gripper,/home/xzye/projects/DPTech/device_filtering_biology/final/reformatted_info_yaml/info_robotiq_gripper.yaml,community_drivers,/home/xzye/projects/DPTech/community_drivers/Uni-Lab-OS/community_drivers/robotiq_gripper/info.txt,/home/xzye/projects/DPTech/community_drivers/Uni-Lab-OS/community_drivers/robotiq_gripper/registry.yaml,false,false,false,false,14
experimental_scara,/home/xzye/projects/DPTech/device_filtering_biology/final/reformatted_info_yaml/info_experimental_scara.yaml,community_drivers,/home/xzye/projects/DPTech/community_drivers/Uni-Lab-OS/community_drivers/experimental_scara/info.txt,/home/xzye/projects/DPTech/community_drivers/Uni-Lab-OS/community_drivers/experimental_scara/registry.yaml,false,false,false,false,12
scila_backend,/home/xzye/projects/DPTech/device_filtering_biology/final/reformatted_info_yaml/info_scila_backend.yaml,community_drivers,/home/xzye/projects/DPTech/community_drivers/Uni-Lab-OS/community_drivers/scila_backend/info.txt,/home/xzye/projects/DPTech/community_drivers/Uni-Lab-OS/community_drivers/scila_backend/registry.yaml,false,false,false,false,14
star_chatterbox_backend,/home/xzye/projects/DPTech/device_filtering_biology/final/reformatted_info_yaml/info_star_chatterbox_backend.yaml,community_drivers,/home/xzye/projects/DPTech/community_drivers/Uni-Lab-OS/community_drivers/star_chatterbox_backend/info.txt,/home/xzye/projects/DPTech/community_drivers/Uni-Lab-OS/community_drivers/star_chatterbox_backend/registry.yaml,false,false,false,false,18
io_slave_always_open,/home/xzye/projects/DPTech/device_filtering_biology/final/reformatted_info_yaml/info_io_slave_always_open.yaml,community_drivers,/home/xzye/projects/DPTech/community_drivers/Uni-Lab-OS/community_drivers/io_slave_always_open/info.txt,/home/xzye/projects/DPTech/community_drivers/Uni-Lab-OS/community_drivers/io_slave_always_open/registry.yaml,false,false,false,false,6
spool_local_localization_rule,/home/xzye/projects/DPTech/device_filtering_biology/final/reformatted_info_yaml/info_spool_local_localization_rule.yaml,community_drivers,/home/xzye/projects/DPTech/community_drivers/Uni-Lab-OS/community_drivers/spool_local_localization_rule/info.txt,/home/xzye/projects/DPTech/community_drivers/Uni-Lab-OS/community_drivers/spool_local_localization_rule/registry.yaml,false,false,false,false,1
toptica_i_beam_laser,/home/xzye/projects/DPTech/device_filtering_biology/final/reformatted_info_yaml/info_toptica_i_beam_laser.yaml,community_drivers,/home/xzye/projects/DPTech/community_drivers/Uni-Lab-OS/community_drivers/toptica_i_beam_laser/info.txt,/home/xzye/projects/DPTech/community_drivers/Uni-Lab-OS/community_drivers/toptica_i_beam_laser/registry.yaml,false,false,false,false,5
_i_beam_connection,/home/xzye/projects/DPTech/device_filtering_biology/final/reformatted_info_yaml/info__i_beam_connection.yaml,community_drivers,/home/xzye/projects/DPTech/community_drivers/Uni-Lab-OS/community_drivers/_i_beam_connection/info.txt,/home/xzye/projects/DPTech/community_drivers/Uni-Lab-OS/community_drivers/_i_beam_connection/registry.yaml,false,false,false,false,7
thermo_microscope,/home/xzye/projects/DPTech/device_filtering_biology/final/reformatted_info_yaml/info_thermo_microscope.yaml,community_drivers,/home/xzye/projects/DPTech/community_drivers/Uni-Lab-OS/community_drivers/thermo_microscope/info.txt,/home/xzye/projects/DPTech/community_drivers/Uni-Lab-OS/community_drivers/thermo_microscope/registry.yaml,false,false,false,false,47
thermocycler_backend,/home/xzye/projects/DPTech/device_filtering_biology/final/reformatted_info_yaml/info_thermocycler_backend.yaml,community_drivers,/home/xzye/projects/DPTech/community_drivers/Uni-Lab-OS/community_drivers/thermocycler_backend/info.txt,/home/xzye/projects/DPTech/community_drivers/Uni-Lab-OS/community_drivers/thermocycler_backend/registry.yaml,false,false,false,false,19
thorlabs_fw102_c,/home/xzye/projects/DPTech/device_filtering_biology/final/reformatted_info_yaml/info_thorlabs_fw102_c.yaml,community_drivers,/home/xzye/projects/DPTech/community_drivers/Uni-Lab-OS/community_drivers/thorlabs_fw102_c/info.txt,/home/xzye/projects/DPTech/community_drivers/Uni-Lab-OS/community_drivers/thorlabs_fw102_c/registry.yaml,false,false,false,false,1
microscope,/home/xzye/projects/DPTech/device_filtering_biology/final/reformatted_info_yaml/info_microscope.yaml,community_drivers,/home/xzye/projects/DPTech/community_drivers/Uni-Lab-OS/community_drivers/microscope/info.txt,/home/xzye/projects/DPTech/community_drivers/Uni-Lab-OS/community_drivers/microscope/registry.yaml,false,false,false,false,72
up20,/home/xzye/projects/DPTech/device_filtering_biology/final/reformatted_info_yaml/info_up20.yaml,community_drivers,/home/xzye/projects/DPTech/community_drivers/Uni-Lab-OS/community_drivers/up20/info.txt,/home/xzye/projects/DPTech/community_drivers/Uni-Lab-OS/community_drivers/up20/registry.yaml,false,false,false,false,37
usbtmclight,/home/xzye/projects/DPTech/device_filtering_biology/final/reformatted_info_yaml/info_usbtmclight.yaml,community_drivers,/home/xzye/projects/DPTech/community_drivers/Uni-Lab-OS/community_drivers/usbtmclight/info.txt,/home/xzye/projects/DPTech/community_drivers/Uni-Lab-OS/community_drivers/usbtmclight/registry.yaml,false,false,false,false,12
rtde_urx,/home/xzye/projects/DPTech/device_filtering_biology/final/reformatted_info_yaml/info_rtde_urx.yaml,community_drivers,/home/xzye/projects/DPTech/community_drivers/Uni-Lab-OS/community_drivers/rtde_urx/info.txt,/home/xzye/projects/DPTech/community_drivers/Uni-Lab-OS/community_drivers/rtde_urx/registry.yaml,false,false,false,false,8
resources,/home/xzye/projects/DPTech/device_filtering_biology/final/reformatted_info_yaml/info_resources.yaml,community_drivers,/home/xzye/projects/DPTech/community_drivers/Uni-Lab-OS/community_drivers/resources/info.txt,/home/xzye/projects/DPTech/community_drivers/Uni-Lab-OS/community_drivers/resources/registry.yaml,false,false,false,false,3
work_table,/home/xzye/projects/DPTech/device_filtering_biology/final/reformatted_info_yaml/info_work_table.yaml,community_drivers,/home/xzye/projects/DPTech/community_drivers/Uni-Lab-OS/community_drivers/work_table/info.txt,/home/xzye/projects/DPTech/community_drivers/Uni-Lab-OS/community_drivers/work_table/registry.yaml,false,false,false,false,58
x_calibur_d,/home/xzye/projects/DPTech/device_filtering_biology/final/reformatted_info_yaml/info_x_calibur_d.yaml,community_drivers,/home/xzye/projects/DPTech/community_drivers/Uni-Lab-OS/community_drivers/x_calibur_d/info.txt,/home/xzye/projects/DPTech/community_drivers/Uni-Lab-OS/community_drivers/x_calibur_d/registry.yaml,false,false,false,false,39
ascii_device,/home/xzye/projects/DPTech/device_filtering_biology/final/reformatted_info_yaml/info_ascii_device.yaml,community_drivers,/home/xzye/projects/DPTech/community_drivers/Uni-Lab-OS/community_drivers/ascii_device/info.txt,/home/xzye/projects/DPTech/community_drivers/Uni-Lab-OS/community_drivers/ascii_device/registry.yaml,false,false,false,false,15
binary_serial,/home/xzye/projects/DPTech/device_filtering_biology/final/reformatted_info_yaml/info_binary_serial.yaml,community_drivers,/home/xzye/projects/DPTech/community_drivers/Uni-Lab-OS/community_drivers/binary_serial/info.txt,/home/xzye/projects/DPTech/community_drivers/Uni-Lab-OS/community_drivers/binary_serial/registry.yaml,false,false,false,false,14
ascii_serial,/home/xzye/projects/DPTech/device_filtering_biology/final/reformatted_info_yaml/info_ascii_serial.yaml,community_drivers,/home/xzye/projects/DPTech/community_drivers/Uni-Lab-OS/community_drivers/ascii_serial/info.txt,/home/xzye/projects/DPTech/community_drivers/Uni-Lab-OS/community_drivers/ascii_serial/registry.yaml,false,false,false,false,16
ascii_axis,/home/xzye/projects/DPTech/device_filtering_biology/final/reformatted_info_yaml/info_ascii_axis.yaml,community_drivers,/home/xzye/projects/DPTech/community_drivers/Uni-Lab-OS/community_drivers/ascii_axis/info.txt,/home/xzye/projects/DPTech/community_drivers/Uni-Lab-OS/community_drivers/ascii_axis/registry.yaml,false,false,false,false,15
py_uvvis,/home/xzye/projects/DPTech/device_filtering_biology/final/reformatted_info_yaml/info_py_uvvis.yaml,community_drivers,/home/xzye/projects/DPTech/community_drivers/Uni-Lab-OS/community_drivers/py_uvvis/info.txt,/home/xzye/projects/DPTech/community_drivers/Uni-Lab-OS/community_drivers/py_uvvis/registry.yaml,false,false,false,false,37
uxbus_cmd,/home/xzye/projects/DPTech/device_filtering_biology/final/reformatted_info_yaml/info_uxbus_cmd.yaml,community_drivers,/home/xzye/projects/DPTech/community_drivers/Uni-Lab-OS/community_drivers/uxbus_cmd/info.txt,/home/xzye/projects/DPTech/community_drivers/Uni-Lab-OS/community_drivers/uxbus_cmd/registry.yaml,false,false,false,false,193
blockly_tool,/home/xzye/projects/DPTech/device_filtering_biology/final/reformatted_info_yaml/info_blockly_tool.yaml,community_drivers,/home/xzye/projects/DPTech/community_drivers/Uni-Lab-OS/community_drivers/blockly_tool/info.txt,/home/xzye/projects/DPTech/community_drivers/Uni-Lab-OS/community_drivers/blockly_tool/registry.yaml,false,false,false,false,2
events,/home/xzye/projects/DPTech/device_filtering_biology/final/reformatted_info_yaml/info_events.yaml,community_drivers,/home/xzye/projects/DPTech/community_drivers/Uni-Lab-OS/community_drivers/events/info.txt,/home/xzye/projects/DPTech/community_drivers/Uni-Lab-OS/community_drivers/events/registry.yaml,false,false,false,false,24
gcode_client,/home/xzye/projects/DPTech/device_filtering_biology/final/reformatted_info_yaml/info_gcode_client.yaml,community_drivers,/home/xzye/projects/DPTech/community_drivers/Uni-Lab-OS/community_drivers/gcode_client/info.txt,/home/xzye/projects/DPTech/community_drivers/Uni-Lab-OS/community_drivers/gcode_client/registry.yaml,false,false,false,false,3
